Age,Annual_Income,Spending_Score,Family_Size,Gender,Profession,Cluster
19.0,15000.0,39.0,4.0,1.0,5.0,2
21.0,35000.0,81.0,3.0,1.0,2.0,2
20.0,86000.0,6.0,1.0,0.0,2.0,1
23.0,59000.0,77.0,2.0,0.0,7.0,2
31.0,38000.0,40.0,6.0,0.0,3.0,2
22.0,58000.0,76.0,2.0,0.0,0.0,2
35.0,31000.0,6.0,3.0,0.0,5.0,2
23.0,84000.0,94.0,3.0,0.0,5.0,1
64.0,97000.0,3.0,3.0,1.0,2.0,1
30.0,98000.0,72.0,4.0,0.0,0.0,1
67.0,7000.0,14.0,3.0,1.0,2.0,2
35.0,93000.0,99.0,4.0,0.0,5.0,1
58.0,80000.0,15.0,5.0,0.0,4.0,2
24.0,91000.0,77.0,1.0,0.0,7.0,1
37.0,19000.0,13.0,1.0,1.0,1.0,2
22.0,51000.0,79.0,2.0,1.0,5.0,2
35.0,29000.0,35.0,5.0,0.0,6.0,2
20.0,89000.0,66.0,6.0,1.0,5.0,1
52.0,20000.0,29.0,4.0,1.0,3.0,2
35.0,62000.0,98.0,1.0,0.0,0.0,2
35.0,96000.0,35.0,1.0,1.0,6.0,1
25.0,4000.0,73.0,4.0,1.0,5.0,2
46.0,42000.0,5.0,2.0,0.0,0.0,2
31.0,71000.0,73.0,2.0,1.0,0.0,2
54.0,67000.0,14.0,3.0,0.0,4.0,2
29.0,52000.0,82.0,3.0,1.0,0.0,2
45.0,68000.0,32.0,8.0,0.0,5.0,2
35.0,78000.0,61.0,3.0,1.0,0.0,2
40.0,18000.0,31.0,1.0,0.0,0.0,2
23.0,20000.0,87.0,4.0,0.0,0.0,2
60.0,39000.0,4.0,3.0,1.0,0.0,2
21.0,34000.0,73.0,2.0,0.0,1.0,2
53.0,59000.0,4.0,3.0,1.0,5.0,2
18.0,62000.0,92.0,7.0,1.0,6.0,2
49.0,91000.0,14.0,2.0,0.0,7.0,1
21.0,95000.0,81.0,4.0,0.0,5.0,1
42.0,14000.0,17.0,1.0,0.0,1.0,2
30.0,62000.0,73.0,5.0,0.0,5.0,2
36.0,9000.0,26.0,2.0,0.0,0.0,2
20.0,69000.0,75.0,2.0,0.0,0.0,2
65.0,25000.0,35.0,1.0,0.0,0.0,2
24.0,85000.0,92.0,2.0,1.0,5.0,1
48.0,22000.0,36.0,3.0,1.0,0.0,2
31.0,33000.0,61.0,2.0,0.0,0.0,2
49.0,72000.0,28.0,1.0,0.0,2.0,2
24.0,3000.0,65.0,2.0,0.0,7.0,2
50.0,52000.0,55.0,4.0,0.0,0.0,2
27.0,71000.0,47.0,1.0,0.0,5.0,2
29.0,78000.0,42.0,4.0,0.0,5.0,2
31.0,25000.0,42.0,1.0,0.0,2.0,2
49.0,88000.0,52.0,2.0,0.0,0.0,1
33.0,97000.0,60.0,2.0,1.0,0.0,1
31.0,74000.0,54.0,1.0,0.0,0.0,2
59.0,68000.0,60.0,2.0,1.0,3.0,2
50.0,18000.0,45.0,1.0,0.0,8.0,2
47.0,95000.0,41.0,2.0,1.0,0.0,1
51.0,71000.0,50.0,4.0,0.0,5.0,2
69.0,8000.0,46.0,2.0,1.0,1.0,2
27.0,57000.0,51.0,3.0,0.0,0.0,2
53.0,89000.0,46.0,6.0,1.0,7.0,1
70.0,84000.0,56.0,2.0,1.0,0.0,1
19.0,50000.0,55.0,2.0,1.0,0.0,2
67.0,50000.0,52.0,3.0,0.0,7.0,2
54.0,48000.0,59.0,2.0,0.0,7.0,2
63.0,63000.0,51.0,2.0,1.0,7.0,2
18.0,9000.0,59.0,2.0,1.0,3.0,2
43.0,3000.0,50.0,2.0,0.0,1.0,2
68.0,82000.0,48.0,4.0,0.0,0.0,1
19.0,81000.0,59.0,4.0,1.0,0.0,1
32.0,97000.0,47.0,2.0,0.0,6.0,1
70.0,91000.0,55.0,2.0,1.0,5.0,1
47.0,9000.0,42.0,2.0,0.0,3.0,2
60.0,44000.0,49.0,5.0,0.0,0.0,2
60.0,10000.0,56.0,4.0,0.0,5.0,2
59.0,89000.0,47.0,4.0,1.0,0.0,1
26.0,49000.0,54.0,3.0,1.0,6.0,2
45.0,67000.0,53.0,2.0,0.0,1.0,2
40.0,99000.0,48.0,3.0,1.0,0.0,1
23.0,97000.0,52.0,2.0,0.0,2.0,1
57.0,52000.0,51.0,4.0,1.0,5.0,2
38.0,61000.0,55.0,3.0,1.0,5.0,2
67.0,120000.0,41.0,1.0,1.0,0.0,1
46.0,34000.0,44.0,4.0,0.0,3.0,2
21.0,24000.0,57.0,3.0,0.0,8.0,2
48.0,31000.0,46.0,5.0,1.0,5.0,2
55.0,11000.0,58.0,3.0,0.0,0.0,2
22.0,55000.0,55.0,2.0,0.0,0.0,2
34.0,76000.0,60.0,3.0,0.0,3.0,2
50.0,56000.0,46.0,2.0,0.0,1.0,2
68.0,46000.0,55.0,3.0,0.0,3.0,2
18.0,36000.0,41.0,4.0,1.0,0.0,2
48.0,88000.0,49.0,2.0,1.0,0.0,1
40.0,31000.0,40.0,2.0,0.0,3.0,2
32.0,24000.0,42.0,1.0,0.0,0.0,2
24.0,80000.0,52.0,1.0,1.0,0.0,2
47.0,2000.0,47.0,1.0,0.0,0.0,2
27.0,67000.0,50.0,2.0,0.0,0.0,2
48.0,58000.0,42.0,2.0,1.0,1.0,2
20.0,80000.0,49.0,3.0,1.0,2.0,2
23.0,65000.0,41.0,4.0,0.0,0.0,2
49.0,4000.0,48.0,7.0,0.0,4.0,2
67.0,98000.0,59.0,3.0,1.0,0.0,1
26.0,52000.0,55.0,5.0,1.0,4.0,2
49.0,86000.0,56.0,2.0,1.0,5.0,1
21.0,82000.0,42.0,2.0,0.0,1.0,1
66.0,43000.0,50.0,2.0,0.0,6.0,2
54.0,78000.0,46.0,1.0,1.0,7.0,2
68.0,13000.0,43.0,5.0,1.0,5.0,2
66.0,13000.0,48.0,3.0,1.0,5.0,2
65.0,34000.0,52.0,4.0,1.0,3.0,2
19.0,25000.0,54.0,1.0,0.0,0.0,2
38.0,71000.0,42.0,5.0,0.0,1.0,2
19.0,2000.0,46.0,1.0,1.0,0.0,2
18.0,97000.0,48.0,3.0,0.0,4.0,1
19.0,51000.0,50.0,4.0,0.0,4.0,2
63.0,9000.0,43.0,1.0,0.0,7.0,2
49.0,79000.0,59.0,2.0,0.0,0.0,2
50.0,87000.0,57.0,2.0,0.0,0.0,1
27.0,36000.0,56.0,3.0,1.0,4.0,2
38.0,50000.0,40.0,4.0,0.0,4.0,2
40.0,97000.0,58.0,4.0,0.0,2.0,1
39.0,6000.0,91.0,3.0,1.0,5.0,2
23.0,12000.0,29.0,2.0,0.0,3.0,2
31.0,46000.0,77.0,2.0,0.0,8.0,2
43.0,89000.0,35.0,7.0,1.0,2.0,1
40.0,4000.0,95.0,2.0,1.0,0.0,2
59.0,38000.0,11.0,2.0,1.0,2.0,2
38.0,64000.0,75.0,5.0,1.0,3.0,2
47.0,66000.0,9.0,5.0,1.0,4.0,2
39.0,26000.0,75.0,2.0,1.0,7.0,2
25.0,41000.0,34.0,4.0,0.0,5.0,2
31.0,45000.0,71.0,1.0,0.0,0.0,2
20.0,89000.0,5.0,2.0,1.0,2.0,1
29.0,92000.0,88.0,5.0,0.0,4.0,1
44.0,76000.0,7.0,2.0,0.0,0.0,2
32.0,85000.0,73.0,4.0,1.0,0.0,1
19.0,22000.0,10.0,4.0,1.0,8.0,2
35.0,15000.0,72.0,4.0,0.0,0.0,2
57.0,32000.0,5.0,2.0,0.0,2.0,2
32.0,66000.0,93.0,5.0,1.0,0.0,2
28.0,62000.0,40.0,3.0,0.0,1.0,2
32.0,85000.0,87.0,2.0,0.0,7.0,1
25.0,71000.0,12.0,5.0,1.0,2.0,2
28.0,26000.0,97.0,5.0,1.0,8.0,2
48.0,52000.0,36.0,2.0,1.0,2.0,2
32.0,38000.0,74.0,1.0,0.0,7.0,2
34.0,51000.0,22.0,4.0,0.0,5.0,2
34.0,90000.0,90.0,3.0,1.0,0.0,1
43.0,30000.0,17.0,9.0,1.0,7.0,2
39.0,41000.0,88.0,1.0,1.0,2.0,2
44.0,17000.0,20.0,2.0,0.0,2.0,2
38.0,92000.0,76.0,2.0,0.0,0.0,1
47.0,80000.0,16.0,4.0,0.0,5.0,2
27.0,10000.0,89.0,4.0,0.0,8.0,2
37.0,16000.0,1.0,1.0,1.0,4.0,2
30.0,87000.0,78.0,4.0,0.0,0.0,1
34.0,66000.0,1.0,2.0,1.0,7.0,2
30.0,86000.0,73.0,3.0,0.0,0.0,1
56.0,9000.0,35.0,1.0,0.0,0.0,2
29.0,50000.0,83.0,5.0,0.0,5.0,2
19.0,35000.0,5.0,5.0,1.0,4.0,2
31.0,58000.0,93.0,5.0,0.0,5.0,2
50.0,47000.0,26.0,2.0,1.0,1.0,2
36.0,54000.0,75.0,3.0,0.0,0.0,2
42.0,79000.0,20.0,3.0,1.0,6.0,2
33.0,83000.0,95.0,5.0,0.0,0.0,1
36.0,57000.0,27.0,3.0,0.0,0.0,2
32.0,0.0,63.0,2.0,1.0,0.0,2
40.0,69000.0,13.0,5.0,1.0,0.0,2
28.0,4000.0,75.0,2.0,1.0,4.0,2
36.0,79000.0,10.0,2.0,1.0,7.0,2
36.0,99000.0,92.0,2.0,1.0,0.0,1
52.0,20000.0,13.0,2.0,0.0,7.0,2
30.0,28000.0,86.0,4.0,0.0,0.0,2
58.0,29000.0,15.0,1.0,1.0,2.0,2
27.0,45000.0,69.0,6.0,1.0,5.0,2
59.0,86000.0,14.0,3.0,1.0,5.0,1
35.0,42000.0,90.0,1.0,1.0,2.0,2
37.0,59000.0,32.0,2.0,0.0,0.0,2
32.0,61000.0,86.0,5.0,0.0,3.0,2
46.0,11000.0,15.0,1.0,1.0,0.0,2
29.0,66000.0,88.0,4.0,0.0,0.0,2
41.0,39000.0,39.0,1.0,0.0,0.0,2
30.0,72000.0,97.0,2.0,1.0,0.0,2
54.0,14000.0,24.0,2.0,0.0,7.0,2
28.0,44000.0,68.0,3.0,1.0,1.0,2
41.0,76000.0,17.0,2.0,0.0,2.0,2
36.0,95000.0,85.0,2.0,0.0,0.0,1
34.0,92000.0,23.0,3.0,0.0,0.0,1
32.0,98000.0,69.0,2.0,0.0,0.0,1
33.0,96000.0,8.0,2.0,1.0,4.0,1
38.0,45000.0,91.0,4.0,0.0,0.0,2
47.0,8000.0,16.0,2.0,0.0,0.0,2
35.0,46000.0,79.0,3.0,0.0,4.0,2
45.0,78000.0,28.0,2.0,0.0,0.0,2
32.0,4000.0,74.0,5.0,1.0,0.0,2
32.0,81000.0,18.0,2.0,1.0,4.0,1
30.0,33000.0,83.0,2.0,1.0,0.0,2
21.0,40000.0,10.0,3.0,0.0,5.0,2
34.0,85000.0,16.0,3.0,1.0,5.0,1
16.0,60000.0,0.0,8.0,0.0,2.0,2
76.0,60000.0,39.0,2.0,0.0,5.0,2
62.0,63000.0,59.0,2.0,0.0,3.0,2
63.0,10000.0,52.0,3.0,0.0,5.0,2
19.0,55000.0,61.0,3.0,0.0,5.0,2
46.0,93000.0,12.0,1.0,1.0,0.0,1
48.0,15000.0,7.0,2.0,0.0,1.0,2
80.0,39000.0,33.0,4.0,0.0,2.0,2
1.0,57000.0,93.0,2.0,0.0,2.0,2
0.0,22000.0,92.0,1.0,0.0,0.0,2
86.0,12000.0,70.0,4.0,1.0,8.0,2
49.0,50000.0,82.0,1.0,1.0,7.0,2
48.0,95000.0,68.0,4.0,1.0,1.0,1
46.0,66000.0,70.0,3.0,0.0,5.0,2
79.0,20000.0,40.0,2.0,1.0,1.0,2
83.0,35000.0,99.0,2.0,0.0,1.0,2
66.0,71000.0,34.0,2.0,0.0,4.0,2
39.0,84000.0,33.0,3.0,0.0,0.0,1
95.0,72000.0,51.0,2.0,0.0,2.0,2
43.0,33000.0,55.0,3.0,1.0,0.0,2
93.0,93000.0,37.0,5.0,0.0,5.0,1
40.0,83000.0,48.0,1.0,0.0,6.0,1
78.0,23000.0,8.0,1.0,0.0,2.0,2
25.0,40000.0,77.0,4.0,0.0,0.0,2
76.0,89000.0,86.0,4.0,1.0,5.0,1
0.0,33000.0,64.0,1.0,1.0,8.0,2
15.0,94000.0,30.0,2.0,1.0,5.0,1
6.0,93000.0,53.0,2.0,0.0,7.0,1
84.0,7000.0,28.0,4.0,1.0,5.0,2
67.0,18000.0,88.0,2.0,0.0,7.0,2
78.0,3000.0,14.0,4.0,0.0,5.0,2
4.0,84000.0,54.0,1.0,0.0,0.0,1
29.0,62000.0,34.0,4.0,0.0,5.0,2
91.0,9000.0,96.0,5.0,1.0,5.0,2
55.0,37000.0,74.0,4.0,1.0,7.0,2
14.0,50000.0,11.0,2.0,0.0,0.0,2
92.0,83000.0,16.0,5.0,1.0,4.0,1
65.0,79000.0,17.0,3.0,0.0,0.0,2
84.0,40000.0,14.0,4.0,0.0,5.0,2
77.0,47000.0,58.0,6.0,0.0,0.0,2
53.0,4000.0,20.0,4.0,0.0,0.0,2
28.0,38000.0,75.0,2.0,0.0,3.0,2
23.0,0.0,96.0,3.0,1.0,1.0,2
32.0,7000.0,16.0,2.0,0.0,0.0,2
37.0,41000.0,2.0,2.0,0.0,0.0,2
89.0,65000.0,0.0,5.0,0.0,2.0,2
80.0,20000.0,93.0,3.0,1.0,2.0,2
27.0,44000.0,65.0,1.0,0.0,1.0,2
78.0,3000.0,14.0,4.0,0.0,0.0,2
86.0,72000.0,13.0,3.0,0.0,7.0,2
46.0,27000.0,32.0,4.0,0.0,2.0,2
59.0,85000.0,49.0,2.0,1.0,7.0,1
12.0,38000.0,18.0,1.0,1.0,4.0,2
79.0,73000.0,96.0,7.0,1.0,6.0,2
79.0,64000.0,64.0,3.0,0.0,0.0,2
26.0,26000.0,60.0,4.0,1.0,4.0,2
63.0,47000.0,16.0,3.0,0.0,0.0,2
52.0,35000.0,85.0,6.0,0.0,1.0,2
32.0,31000.0,24.0,3.0,0.0,7.0,2
64.0,13000.0,38.0,4.0,0.0,2.0,2
37.0,79000.0,10.0,7.0,0.0,6.0,2
7.0,82000.0,39.0,2.0,1.0,3.0,1
40.0,28000.0,68.0,1.0,0.0,0.0,2
78.0,36000.0,79.0,3.0,0.0,0.0,2
34.0,8000.0,76.0,6.0,0.0,3.0,2
52.0,88000.0,39.0,2.0,0.0,0.0,1
94.0,91000.0,36.0,4.0,1.0,3.0,1
1.0,12000.0,82.0,3.0,0.0,1.0,2
96.0,1000.0,76.0,3.0,0.0,3.0,2
18.0,143000.0,99.0,2.0,0.0,0.0,0
37.0,18000.0,57.0,2.0,0.0,0.0,2
78.0,65000.0,89.0,2.0,1.0,7.0,2
16.0,9000.0,88.0,4.0,1.0,4.0,2
93.0,95000.0,21.0,1.0,1.0,0.0,1
74.0,78000.0,12.0,3.0,0.0,2.0,2
68.0,48000.0,73.0,3.0,1.0,5.0,2
32.0,63000.0,87.0,4.0,0.0,4.0,2
43.0,85000.0,63.0,2.0,0.0,8.0,1
52.0,43000.0,58.0,3.0,0.0,0.0,2
63.0,74000.0,20.0,2.0,0.0,0.0,2
33.0,67000.0,11.0,1.0,0.0,5.0,2
86.0,59000.0,40.0,1.0,1.0,0.0,2
85.0,140000.0,84.0,1.0,0.0,3.0,0
73.0,31000.0,47.0,2.0,0.0,5.0,2
21.0,5000.0,91.0,1.0,0.0,8.0,2
93.0,19000.0,58.0,3.0,0.0,2.0,2
9.0,27000.0,62.0,1.0,1.0,3.0,2
10.0,68000.0,80.0,3.0,0.0,1.0,2
11.0,38000.0,66.0,8.0,1.0,0.0,2
48.0,50000.0,36.0,4.0,0.0,2.0,2
73.0,80000.0,73.0,2.0,0.0,3.0,2
66.0,69000.0,43.0,3.0,0.0,4.0,2
79.0,31000.0,91.0,3.0,0.0,2.0,2
62.0,87000.0,41.0,2.0,1.0,1.0,1
17.0,79000.0,16.0,3.0,1.0,0.0,2
32.0,32000.0,86.0,2.0,1.0,3.0,2
85.0,153787.0,100.0,3.0,1.0,3.0,0
31.0,95851.0,16.0,2.0,1.0,5.0,1
31.0,145015.0,73.0,3.0,0.0,5.0,0
38.0,148539.0,7.0,2.0,0.0,5.0,0
90.0,117319.0,21.0,2.0,0.0,7.0,1
65.0,180243.0,26.0,2.0,0.0,8.0,0
63.0,165052.0,12.0,2.0,0.0,0.0,0
61.0,120487.0,14.0,2.0,0.0,1.0,1
26.0,112766.0,83.0,4.0,1.0,2.0,1
17.0,156488.0,65.0,4.0,0.0,2.0,0
56.0,97562.0,15.0,6.0,1.0,4.0,1
12.0,77501.0,30.0,4.0,0.0,2.0,2
24.0,118302.0,100.0,1.0,0.0,7.0,1
13.0,64277.0,9.0,4.0,0.0,4.0,2
12.0,53927.0,77.0,3.0,1.0,1.0,2
72.0,93921.0,93.0,2.0,1.0,7.0,1
54.0,132046.0,8.0,4.0,0.0,6.0,1
45.0,183217.0,91.0,2.0,1.0,0.0,0
66.0,182937.0,44.0,1.0,1.0,8.0,0
27.0,68272.0,56.0,4.0,0.0,5.0,2
36.0,69841.0,21.0,2.0,1.0,2.0,2
5.0,69078.0,60.0,1.0,1.0,7.0,2
89.0,110667.0,100.0,4.0,0.0,5.0,1
13.0,95469.0,94.0,1.0,1.0,1.0,1
91.0,102861.0,40.0,1.0,0.0,0.0,1
16.0,133551.0,7.0,1.0,1.0,0.0,1
63.0,64589.0,90.0,1.0,0.0,2.0,2
52.0,152755.0,39.0,2.0,1.0,2.0,0
37.0,92313.0,58.0,5.0,0.0,5.0,1
78.0,98922.0,2.0,3.0,0.0,0.0,1
24.0,165846.0,33.0,4.0,1.0,2.0,0
4.0,93713.0,62.0,4.0,0.0,2.0,1
84.0,137641.0,67.0,5.0,1.0,5.0,0
0.0,173743.0,96.0,4.0,1.0,0.0,0
67.0,116126.0,58.0,2.0,0.0,3.0,1
32.0,112246.0,30.0,3.0,0.0,5.0,1
39.0,69384.0,75.0,5.0,0.0,5.0,2
68.0,76529.0,62.0,2.0,0.0,5.0,2
7.0,123804.0,28.0,1.0,0.0,1.0,1
76.0,68292.0,55.0,2.0,0.0,0.0,2
84.0,173185.0,99.0,1.0,0.0,0.0,0
75.0,142034.0,82.0,4.0,1.0,3.0,0
22.0,107941.0,61.0,1.0,1.0,0.0,1
90.0,149840.0,61.0,1.0,0.0,2.0,0
4.0,148431.0,99.0,8.0,0.0,5.0,0
78.0,126599.0,84.0,3.0,0.0,7.0,1
58.0,57180.0,22.0,1.0,0.0,5.0,2
99.0,184426.0,41.0,1.0,0.0,0.0,0
24.0,151085.0,39.0,5.0,0.0,8.0,0
88.0,166107.0,98.0,4.0,0.0,0.0,0
92.0,67850.0,91.0,4.0,0.0,0.0,2
99.0,173394.0,4.0,1.0,1.0,2.0,0
51.0,72303.0,98.0,1.0,0.0,7.0,2
23.0,181760.0,35.0,3.0,1.0,5.0,0
13.0,146858.0,75.0,1.0,0.0,1.0,0
22.0,172923.0,20.0,1.0,1.0,2.0,0
89.0,115811.0,87.0,4.0,0.0,6.0,1
20.0,184324.0,51.0,5.0,1.0,8.0,0
72.0,67353.0,19.0,3.0,0.0,7.0,2
17.0,165999.0,71.0,3.0,1.0,5.0,0
90.0,164914.0,18.0,3.0,1.0,0.0,0
99.0,63364.0,61.0,2.0,1.0,3.0,2
39.0,182352.0,73.0,3.0,0.0,2.0,0
37.0,148544.0,56.0,2.0,0.0,3.0,0
46.0,62833.0,85.0,2.0,1.0,0.0,2
65.0,120627.0,72.0,2.0,1.0,5.0,1
60.0,130898.0,30.0,1.0,0.0,0.0,1
93.0,103130.0,74.0,3.0,0.0,4.0,1
72.0,106681.0,15.0,5.0,1.0,5.0,1
36.0,87353.0,25.0,5.0,0.0,3.0,1
52.0,88046.0,61.0,1.0,1.0,0.0,1
72.0,98168.0,49.0,2.0,0.0,3.0,1
28.0,178265.0,5.0,1.0,0.0,7.0,0
48.0,167232.0,92.0,4.0,0.0,1.0,0
85.0,140478.0,43.0,4.0,1.0,1.0,0
22.0,159296.0,83.0,1.0,1.0,0.0,0
30.0,144043.0,78.0,1.0,0.0,1.0,0
46.0,72594.0,64.0,2.0,1.0,0.0,2
82.0,180288.0,77.0,2.0,0.0,0.0,0
73.0,165734.0,51.0,1.0,0.0,3.0,0
8.0,175407.0,2.0,1.0,1.0,0.0,0
90.0,70201.0,8.0,2.0,1.0,2.0,2
34.0,91503.0,26.0,6.0,1.0,0.0,1
10.0,184522.0,43.0,2.0,0.0,0.0,0
79.0,143560.0,83.0,3.0,0.0,0.0,0
83.0,131574.0,97.0,2.0,1.0,0.0,1
20.0,151124.0,18.0,3.0,0.0,0.0,0
25.0,67447.0,5.0,2.0,0.0,0.0,2
26.0,117454.0,8.0,2.0,0.0,5.0,1
18.0,86203.0,23.0,1.0,0.0,1.0,1
7.0,136231.0,10.0,1.0,0.0,0.0,0
1.0,89144.0,1.0,2.0,1.0,1.0,1
21.0,119116.0,30.0,4.0,1.0,0.0,1
86.0,163463.0,31.0,4.0,0.0,0.0,0
75.0,151696.0,82.0,1.0,0.0,0.0,0
78.0,184736.0,52.0,1.0,1.0,7.0,0
87.0,70419.0,69.0,4.0,0.0,6.0,2
8.0,119104.0,41.0,3.0,0.0,3.0,1
59.0,130950.0,28.0,3.0,1.0,4.0,1
13.0,140950.0,77.0,2.0,1.0,0.0,0
55.0,82285.0,35.0,1.0,0.0,2.0,1
50.0,91389.0,92.0,7.0,0.0,5.0,1
54.0,186359.0,95.0,2.0,1.0,1.0,0
13.0,178989.0,46.0,3.0,1.0,1.0,0
79.0,166335.0,45.0,5.0,1.0,2.0,0
65.0,119889.0,11.0,6.0,0.0,0.0,1
51.0,66852.0,73.0,3.0,0.0,4.0,2
18.0,103896.0,36.0,4.0,1.0,4.0,1
21.0,187761.0,87.0,3.0,1.0,5.0,0
37.0,102717.0,93.0,4.0,1.0,5.0,1
83.0,102647.0,83.0,2.0,1.0,3.0,1
96.0,113585.0,31.0,4.0,0.0,7.0,1
65.0,86509.0,88.0,4.0,0.0,0.0,1
80.0,59099.0,44.0,7.0,1.0,8.0,2
75.0,135088.0,5.0,5.0,0.0,7.0,0
87.0,110870.0,78.0,4.0,0.0,2.0,1
86.0,187667.0,12.0,1.0,0.0,0.0,0
36.0,124614.0,25.0,5.0,0.0,0.0,1
78.0,166492.0,40.0,7.0,0.0,6.0,0
62.0,172758.0,69.0,2.0,0.0,3.0,0
89.0,122430.0,19.0,1.0,1.0,5.0,1
56.0,183540.0,96.0,6.0,0.0,3.0,0
35.0,96484.0,34.0,4.0,0.0,0.0,1
33.0,112587.0,71.0,4.0,1.0,0.0,1
58.0,155672.0,71.0,7.0,0.0,3.0,0
68.0,72847.0,93.0,2.0,0.0,0.0,2
38.0,71897.0,32.0,3.0,1.0,3.0,2
31.0,158479.0,57.0,5.0,1.0,1.0,0
90.0,89251.0,4.0,1.0,1.0,3.0,1
28.0,179911.0,24.0,1.0,1.0,2.0,0
1.0,111558.0,85.0,4.0,1.0,5.0,1
78.0,127615.0,78.0,7.0,1.0,4.0,1
23.0,50076.0,32.0,5.0,0.0,0.0,2
25.0,77779.0,62.0,1.0,0.0,0.0,2
59.0,169999.0,38.0,5.0,1.0,2.0,0
7.0,106581.0,76.0,7.0,0.0,1.0,1
24.0,78223.0,41.0,1.0,0.0,7.0,2
37.0,153399.0,93.0,6.0,1.0,3.0,0
6.0,162858.0,91.0,1.0,0.0,0.0,0
3.0,133602.0,47.0,1.0,1.0,0.0,0
95.0,66322.0,88.0,3.0,0.0,0.0,2
0.0,68761.0,16.0,4.0,0.0,7.0,2
7.0,70749.0,86.0,3.0,1.0,0.0,2
54.0,65874.0,87.0,6.0,1.0,0.0,2
89.0,115996.0,24.0,1.0,1.0,2.0,1
58.0,67097.0,91.0,1.0,0.0,2.0,2
12.0,108027.0,64.0,5.0,0.0,0.0,1
7.0,176349.0,80.0,2.0,1.0,5.0,0
11.0,88452.0,40.0,6.0,1.0,5.0,1
74.0,128266.0,55.0,4.0,1.0,2.0,1
64.0,156777.0,20.0,2.0,0.0,5.0,0
48.0,123234.0,50.0,7.0,0.0,7.0,1
8.0,60790.0,38.0,5.0,0.0,0.0,2
15.0,181332.0,99.0,6.0,0.0,0.0,0
1.0,187297.0,7.0,1.0,1.0,0.0,0
21.0,153885.0,86.0,6.0,0.0,0.0,0
84.0,53500.0,44.0,4.0,1.0,8.0,2
5.0,69443.0,28.0,6.0,0.0,1.0,2
47.0,124072.0,56.0,7.0,0.0,7.0,1
96.0,135800.0,29.0,7.0,0.0,5.0,0
93.0,120597.0,96.0,4.0,1.0,0.0,1
16.0,91358.0,11.0,4.0,0.0,3.0,1
56.0,53231.0,41.0,5.0,1.0,8.0,2
76.0,156330.0,31.0,2.0,0.0,2.0,0
0.0,186002.0,80.0,2.0,1.0,1.0,0
70.0,111760.0,53.0,5.0,0.0,4.0,1
47.0,143906.0,12.0,3.0,0.0,0.0,0
13.0,182410.0,22.0,4.0,1.0,5.0,0
86.0,98463.0,46.0,5.0,1.0,6.0,1
91.0,93762.0,28.0,7.0,1.0,0.0,1
97.0,104582.0,50.0,2.0,1.0,5.0,1
20.0,130813.0,92.0,5.0,1.0,0.0,1
11.0,59202.0,92.0,4.0,0.0,5.0,2
28.0,79968.0,45.0,2.0,0.0,7.0,2
32.0,104824.0,42.0,7.0,1.0,0.0,1
82.0,188719.0,30.0,6.0,1.0,7.0,0
39.0,187536.0,66.0,6.0,1.0,5.0,0
7.0,134008.0,85.0,1.0,1.0,3.0,0
13.0,176397.0,71.0,3.0,0.0,0.0,0
34.0,154888.0,43.0,6.0,0.0,5.0,0
76.0,155622.0,81.0,2.0,1.0,5.0,0
30.0,62330.0,60.0,1.0,0.0,5.0,2
69.0,112838.0,34.0,7.0,0.0,5.0,1
22.0,58283.0,59.0,4.0,1.0,6.0,2
60.0,77857.0,81.0,6.0,0.0,0.0,2
66.0,125024.0,25.0,1.0,1.0,0.0,1
57.0,136242.0,34.0,1.0,0.0,0.0,0
60.0,81934.0,81.0,4.0,0.0,5.0,1
59.0,130511.0,97.0,4.0,0.0,0.0,1
54.0,144502.0,88.0,1.0,0.0,7.0,0
90.0,63769.0,6.0,2.0,1.0,0.0,2
14.0,66760.0,20.0,4.0,0.0,0.0,2
34.0,135115.0,54.0,7.0,0.0,3.0,0
85.0,179877.0,17.0,4.0,0.0,5.0,0
83.0,93351.0,65.0,1.0,0.0,1.0,1
12.0,84547.0,96.0,3.0,1.0,6.0,1
41.0,65723.0,91.0,7.0,1.0,0.0,2
38.0,96794.0,96.0,3.0,0.0,5.0,1
68.0,72352.0,61.0,5.0,1.0,5.0,2
4.0,53097.0,21.0,7.0,0.0,5.0,2
5.0,144831.0,17.0,3.0,0.0,0.0,0
3.0,183851.0,10.0,2.0,0.0,1.0,0
20.0,111896.0,90.0,3.0,0.0,4.0,1
3.0,64824.0,30.0,1.0,0.0,4.0,2
36.0,88565.0,16.0,5.0,1.0,5.0,1
70.0,104974.0,63.0,1.0,0.0,0.0,1
17.0,167060.0,47.0,5.0,0.0,0.0,0
31.0,69018.0,17.0,1.0,0.0,0.0,2
48.0,174109.0,96.0,1.0,0.0,3.0,0
28.0,62186.0,29.0,1.0,1.0,8.0,2
97.0,183783.0,70.0,3.0,1.0,5.0,0
81.0,83771.0,1.0,2.0,1.0,0.0,1
37.0,148196.0,91.0,2.0,0.0,0.0,0
85.0,131742.0,87.0,1.0,1.0,3.0,1
78.0,59971.0,94.0,7.0,0.0,6.0,2
13.0,88960.0,2.0,3.0,0.0,3.0,1
53.0,140107.0,38.0,5.0,0.0,5.0,0
41.0,161896.0,49.0,3.0,0.0,3.0,0
9.0,57272.0,60.0,1.0,0.0,2.0,2
20.0,119952.0,2.0,2.0,1.0,5.0,1
98.0,167197.0,63.0,5.0,0.0,1.0,0
44.0,186116.0,2.0,6.0,0.0,5.0,0
66.0,134677.0,59.0,5.0,0.0,5.0,0
58.0,180479.0,74.0,3.0,0.0,5.0,0
97.0,112783.0,21.0,6.0,1.0,0.0,1
13.0,150258.0,17.0,3.0,1.0,1.0,0
48.0,115832.0,92.0,2.0,1.0,0.0,1
47.0,104834.0,44.0,7.0,0.0,0.0,1
93.0,152571.0,66.0,5.0,1.0,1.0,0
11.0,162287.0,45.0,2.0,0.0,2.0,0
68.0,171761.0,59.0,6.0,0.0,1.0,0
87.0,77709.0,73.0,1.0,0.0,0.0,2
22.0,95053.0,17.0,2.0,0.0,3.0,1
89.0,74820.0,33.0,2.0,1.0,1.0,2
57.0,152267.0,92.0,5.0,1.0,2.0,0
91.0,71925.0,14.0,2.0,1.0,0.0,2
84.0,151340.0,95.0,7.0,0.0,0.0,0
56.0,162921.0,51.0,4.0,1.0,4.0,0
26.0,52234.0,30.0,2.0,0.0,4.0,2
56.0,100271.0,87.0,5.0,0.0,0.0,1
6.0,170266.0,23.0,2.0,0.0,0.0,0
33.0,88763.0,1.0,1.0,0.0,3.0,1
99.0,164781.0,83.0,2.0,1.0,2.0,0
25.0,156016.0,85.0,1.0,0.0,0.0,0
96.0,186882.0,40.0,7.0,0.0,3.0,0
35.0,99300.0,88.0,2.0,0.0,6.0,1
16.0,58127.0,65.0,3.0,1.0,8.0,2
81.0,89211.0,12.0,7.0,0.0,1.0,1
7.0,148607.0,59.0,7.0,0.0,6.0,0
31.0,139592.0,62.0,1.0,0.0,8.0,0
16.0,172051.0,62.0,3.0,0.0,5.0,0
89.0,57033.0,99.0,4.0,1.0,0.0,2
84.0,117612.0,63.0,6.0,1.0,2.0,1
40.0,185321.0,96.0,7.0,1.0,0.0,0
17.0,186577.0,5.0,5.0,0.0,5.0,0
0.0,151298.0,89.0,6.0,1.0,0.0,0
69.0,123925.0,52.0,7.0,0.0,0.0,1
17.0,169496.0,12.0,6.0,0.0,7.0,0
0.0,142892.0,25.0,1.0,0.0,3.0,0
34.0,58979.0,3.0,5.0,0.0,3.0,2
51.0,141416.0,100.0,1.0,0.0,5.0,0
54.0,104854.0,67.0,7.0,1.0,5.0,1
19.0,180331.0,14.0,5.0,0.0,0.0,0
99.0,172896.0,13.0,3.0,0.0,2.0,0
2.0,101451.0,82.0,3.0,0.0,5.0,1
91.0,189974.0,37.0,1.0,0.0,2.0,0
65.0,90084.0,65.0,6.0,1.0,0.0,1
47.0,112247.0,24.0,5.0,0.0,4.0,1
91.0,181775.0,61.0,5.0,0.0,0.0,0
64.0,59088.0,31.0,3.0,0.0,0.0,2
91.0,60856.0,23.0,6.0,0.0,0.0,2
32.0,149900.0,34.0,3.0,1.0,0.0,0
15.0,142776.0,98.0,5.0,1.0,2.0,0
22.0,162598.0,84.0,3.0,1.0,0.0,0
37.0,146195.0,89.0,4.0,0.0,5.0,0
83.0,135268.0,53.0,5.0,1.0,7.0,0
89.0,136037.0,1.0,1.0,0.0,8.0,0
33.0,111191.0,67.0,4.0,0.0,0.0,1
13.0,144111.0,62.0,5.0,0.0,3.0,0
71.0,177359.0,56.0,2.0,0.0,1.0,0
10.0,112818.0,85.0,7.0,0.0,8.0,1
49.0,53509.0,98.0,4.0,1.0,0.0,2
9.0,168269.0,75.0,2.0,0.0,4.0,0
53.0,86766.0,2.0,3.0,0.0,7.0,1
63.0,52661.0,25.0,5.0,0.0,5.0,2
46.0,148520.0,14.0,5.0,0.0,5.0,0
42.0,149936.0,52.0,3.0,1.0,0.0,0
73.0,102296.0,31.0,5.0,0.0,3.0,1
75.0,178416.0,16.0,7.0,1.0,4.0,0
49.0,83788.0,41.0,1.0,0.0,1.0,1
96.0,184771.0,77.0,5.0,0.0,2.0,0
52.0,70302.0,88.0,3.0,0.0,4.0,2
15.0,58639.0,51.0,7.0,0.0,3.0,2
91.0,97879.0,40.0,7.0,1.0,3.0,1
22.0,64707.0,29.0,3.0,1.0,3.0,2
62.0,71795.0,87.0,1.0,1.0,5.0,2
41.0,76567.0,85.0,1.0,1.0,1.0,2
71.0,154007.0,32.0,7.0,0.0,0.0,0
91.0,69720.0,78.0,6.0,0.0,7.0,2
94.0,85265.0,68.0,6.0,0.0,4.0,1
3.0,155864.0,31.0,3.0,0.0,5.0,0
15.0,99421.0,72.0,7.0,0.0,0.0,1
96.0,145457.0,57.0,1.0,0.0,4.0,0
12.0,118041.0,77.0,2.0,1.0,0.0,1
23.0,73759.0,83.0,7.0,0.0,1.0,2
94.0,90082.0,17.0,7.0,1.0,0.0,1
7.0,74928.0,12.0,6.0,0.0,0.0,2
74.0,101352.0,36.0,5.0,0.0,7.0,1
52.0,93947.0,81.0,2.0,0.0,5.0,1
39.0,134629.0,23.0,6.0,1.0,2.0,0
72.0,101858.0,70.0,6.0,1.0,5.0,1
55.0,165501.0,47.0,4.0,0.0,0.0,0
29.0,135931.0,74.0,1.0,1.0,7.0,0
38.0,103356.0,20.0,6.0,1.0,8.0,1
44.0,75195.0,79.0,3.0,0.0,0.0,2
58.0,123083.0,44.0,5.0,1.0,3.0,1
77.0,73884.0,30.0,2.0,1.0,5.0,2
56.0,91180.0,61.0,7.0,0.0,3.0,1
79.0,86235.0,52.0,2.0,1.0,0.0,1
97.0,96400.0,4.0,7.0,0.0,1.0,1
78.0,83599.0,12.0,6.0,1.0,5.0,1
91.0,82535.0,50.0,1.0,0.0,5.0,1
35.0,92227.0,8.0,5.0,1.0,7.0,1
43.0,150444.0,27.0,4.0,0.0,0.0,0
37.0,149095.0,83.0,2.0,0.0,7.0,0
63.0,113605.0,42.0,3.0,1.0,0.0,1
16.0,93854.0,82.0,7.0,0.0,5.0,1
32.0,118280.0,92.0,5.0,1.0,0.0,1
91.0,94576.0,90.0,1.0,1.0,0.0,1
33.0,129257.0,70.0,3.0,0.0,4.0,1
57.0,70373.0,10.0,6.0,0.0,5.0,2
43.0,77600.0,66.0,1.0,0.0,5.0,2
26.0,113707.0,97.0,5.0,0.0,3.0,1
59.0,189672.0,8.0,7.0,0.0,1.0,0
61.0,143180.0,58.0,5.0,0.0,0.0,0
59.0,174890.0,14.0,4.0,0.0,8.0,0
26.0,154857.0,13.0,7.0,1.0,5.0,0
67.0,160945.0,51.0,5.0,0.0,5.0,0
85.0,119557.0,35.0,2.0,0.0,0.0,1
76.0,187141.0,33.0,7.0,0.0,1.0,0
57.0,97468.0,22.0,1.0,0.0,0.0,1
77.0,160351.0,77.0,5.0,0.0,7.0,0
66.0,178627.0,94.0,2.0,0.0,5.0,0
49.0,170188.0,80.0,6.0,0.0,7.0,0
36.0,166007.0,40.0,4.0,0.0,1.0,0
74.0,91794.0,83.0,7.0,1.0,3.0,1
16.0,189072.0,86.0,3.0,0.0,0.0,0
27.0,152717.0,15.0,6.0,1.0,4.0,0
3.0,158549.0,98.0,3.0,0.0,4.0,0
31.0,134263.0,94.0,3.0,1.0,8.0,0
30.0,148236.0,28.0,1.0,0.0,4.0,0
94.0,171677.0,81.0,6.0,1.0,0.0,0
31.0,189446.0,38.0,6.0,0.0,0.0,0
49.0,106633.0,53.0,3.0,1.0,0.0,1
49.0,81084.0,48.0,5.0,1.0,4.0,1
53.0,148759.0,52.0,7.0,1.0,1.0,0
3.0,117638.0,95.0,7.0,0.0,5.0,1
91.0,159537.0,37.0,1.0,0.0,1.0,0
26.0,79526.0,6.0,7.0,1.0,8.0,2
92.0,109519.0,72.0,4.0,0.0,3.0,1
59.0,156880.0,70.0,7.0,0.0,0.0,0
15.0,157278.0,58.0,6.0,1.0,0.0,0
23.0,144916.0,84.0,7.0,0.0,2.0,0
54.0,59163.0,100.0,3.0,1.0,8.0,2
93.0,93991.0,49.0,3.0,0.0,0.0,1
65.0,58318.0,45.0,1.0,0.0,1.0,2
13.0,180786.0,88.0,5.0,0.0,7.0,0
71.0,84622.0,45.0,6.0,1.0,1.0,1
1.0,92674.0,59.0,4.0,1.0,0.0,1
57.0,87553.0,94.0,1.0,0.0,0.0,1
14.0,74174.0,79.0,2.0,1.0,3.0,2
77.0,180831.0,33.0,2.0,0.0,5.0,0
89.0,137397.0,33.0,7.0,0.0,1.0,0
17.0,96154.0,100.0,4.0,1.0,0.0,1
86.0,172477.0,69.0,3.0,1.0,3.0,0
42.0,59954.0,37.0,4.0,1.0,4.0,2
29.0,112240.0,95.0,4.0,0.0,3.0,1
54.0,145679.0,35.0,2.0,0.0,0.0,0
96.0,136265.0,49.0,5.0,1.0,0.0,0
58.0,74869.0,12.0,3.0,0.0,5.0,2
52.0,109425.0,46.0,1.0,0.0,2.0,1
3.0,126015.0,57.0,1.0,0.0,5.0,1
13.0,156951.0,66.0,7.0,0.0,5.0,0
3.0,127172.0,68.0,2.0,0.0,5.0,1
89.0,113834.0,22.0,3.0,1.0,1.0,1
83.0,132005.0,2.0,5.0,1.0,3.0,1
80.0,171323.0,78.0,4.0,0.0,7.0,0
74.0,92355.0,87.0,4.0,0.0,3.0,1
42.0,60982.0,3.0,5.0,1.0,5.0,2
91.0,51742.0,33.0,3.0,0.0,0.0,2
31.0,138612.0,71.0,2.0,0.0,4.0,0
8.0,158123.0,84.0,1.0,1.0,0.0,0
64.0,164675.0,65.0,5.0,1.0,4.0,0
41.0,172882.0,27.0,7.0,0.0,5.0,0
62.0,70119.0,93.0,1.0,0.0,0.0,2
41.0,113998.0,26.0,7.0,1.0,5.0,1
5.0,57265.0,89.0,7.0,1.0,3.0,2
38.0,130597.0,2.0,1.0,0.0,0.0,1
88.0,121597.0,7.0,5.0,0.0,2.0,1
56.0,103210.0,100.0,6.0,1.0,0.0,1
47.0,66308.0,8.0,4.0,1.0,4.0,2
4.0,141336.0,93.0,1.0,1.0,6.0,0
82.0,153632.0,76.0,7.0,1.0,3.0,0
31.0,65520.0,71.0,2.0,0.0,7.0,2
69.0,153217.0,83.0,6.0,0.0,5.0,0
62.0,92768.0,75.0,1.0,1.0,1.0,1
54.0,132345.0,10.0,2.0,0.0,0.0,1
60.0,186069.0,49.0,2.0,0.0,8.0,0
31.0,53802.0,32.0,7.0,0.0,0.0,2
17.0,103739.0,62.0,4.0,0.0,5.0,1
15.0,50550.0,34.0,7.0,0.0,5.0,2
37.0,145648.0,21.0,6.0,0.0,5.0,0
36.0,85737.0,37.0,3.0,1.0,4.0,1
27.0,99950.0,20.0,4.0,0.0,3.0,1
11.0,83220.0,21.0,4.0,0.0,2.0,1
83.0,73410.0,50.0,5.0,1.0,3.0,2
71.0,64310.0,43.0,1.0,0.0,8.0,2
20.0,59844.0,79.0,1.0,0.0,1.0,2
3.0,67787.0,1.0,6.0,1.0,4.0,2
52.0,172841.0,4.0,1.0,1.0,2.0,0
75.0,145528.0,61.0,2.0,1.0,5.0,0
36.0,173807.0,42.0,2.0,1.0,0.0,0
60.0,185794.0,69.0,1.0,1.0,3.0,0
8.0,119780.0,71.0,3.0,1.0,5.0,1
9.0,158596.0,86.0,2.0,0.0,0.0,0
41.0,118122.0,52.0,6.0,0.0,3.0,1
38.0,99964.0,11.0,4.0,1.0,5.0,1
69.0,120752.0,27.0,6.0,0.0,4.0,1
33.0,189630.0,53.0,5.0,0.0,4.0,0
64.0,125510.0,6.0,3.0,1.0,5.0,1
19.0,101799.0,49.0,1.0,1.0,2.0,1
88.0,92914.0,74.0,3.0,0.0,0.0,1
91.0,162465.0,59.0,3.0,0.0,2.0,0
84.0,163818.0,27.0,1.0,1.0,2.0,0
43.0,53832.0,56.0,1.0,0.0,3.0,2
30.0,140190.0,49.0,4.0,0.0,2.0,0
16.0,125836.0,69.0,4.0,1.0,5.0,1
89.0,100938.0,27.0,7.0,1.0,3.0,1
5.0,168670.0,37.0,3.0,1.0,0.0,0
54.0,176885.0,10.0,3.0,0.0,3.0,0
41.0,111174.0,28.0,5.0,0.0,0.0,1
80.0,127335.0,97.0,6.0,1.0,0.0,1
37.0,149103.0,3.0,1.0,1.0,5.0,0
87.0,167705.0,31.0,7.0,1.0,5.0,0
50.0,183548.0,85.0,4.0,0.0,3.0,0
14.0,50396.0,46.0,6.0,0.0,7.0,2
17.0,63557.0,3.0,1.0,0.0,8.0,2
98.0,87878.0,55.0,6.0,0.0,0.0,1
3.0,55634.0,53.0,3.0,1.0,2.0,2
83.0,118110.0,26.0,5.0,0.0,2.0,1
13.0,129396.0,36.0,6.0,1.0,0.0,1
46.0,62628.0,64.0,6.0,0.0,3.0,2
25.0,51700.0,17.0,6.0,0.0,5.0,2
4.0,106816.0,49.0,5.0,0.0,0.0,1
64.0,93000.0,67.0,2.0,1.0,7.0,1
84.0,144148.0,71.0,4.0,0.0,1.0,0
12.0,101388.0,90.0,2.0,1.0,0.0,1
56.0,171560.0,78.0,2.0,0.0,2.0,0
58.0,156366.0,60.0,1.0,1.0,3.0,0
0.0,143910.0,22.0,7.0,0.0,8.0,0
25.0,106569.0,84.0,3.0,0.0,2.0,1
28.0,173009.0,25.0,6.0,1.0,5.0,0
78.0,54252.0,29.0,5.0,1.0,2.0,2
56.0,104600.0,57.0,3.0,1.0,3.0,1
91.0,50250.0,54.0,2.0,1.0,0.0,2
77.0,93242.0,84.0,7.0,1.0,3.0,1
83.0,156839.0,38.0,7.0,0.0,0.0,0
64.0,71305.0,39.0,2.0,0.0,0.0,2
19.0,85975.0,73.0,6.0,1.0,3.0,1
94.0,188107.0,52.0,2.0,1.0,2.0,0
19.0,82333.0,35.0,2.0,1.0,8.0,1
84.0,125016.0,25.0,7.0,1.0,3.0,1
10.0,148908.0,10.0,3.0,0.0,5.0,0
19.0,58217.0,70.0,1.0,0.0,0.0,2
74.0,76521.0,29.0,4.0,1.0,2.0,2
95.0,117763.0,42.0,2.0,0.0,0.0,1
34.0,115184.0,93.0,4.0,0.0,6.0,1
30.0,54251.0,7.0,6.0,1.0,0.0,2
53.0,112530.0,24.0,6.0,0.0,3.0,1
67.0,107409.0,2.0,6.0,1.0,0.0,1
23.0,84793.0,23.0,6.0,0.0,6.0,1
25.0,66952.0,79.0,2.0,0.0,3.0,2
84.0,153465.0,11.0,4.0,0.0,7.0,0
1.0,178214.0,17.0,7.0,0.0,0.0,0
70.0,152069.0,42.0,4.0,1.0,3.0,0
56.0,132860.0,17.0,2.0,0.0,5.0,1
0.0,147719.0,86.0,7.0,0.0,7.0,0
91.0,172915.0,29.0,1.0,0.0,1.0,0
81.0,148594.0,29.0,5.0,0.0,3.0,0
33.0,61986.0,77.0,1.0,1.0,4.0,2
75.0,91456.0,13.0,4.0,1.0,0.0,1
11.0,166247.0,84.0,2.0,1.0,4.0,0
61.0,140516.0,50.0,3.0,0.0,0.0,0
62.0,133822.0,78.0,4.0,0.0,8.0,0
44.0,175424.0,32.0,5.0,0.0,0.0,0
67.0,121528.0,92.0,4.0,0.0,5.0,1
30.0,189369.0,69.0,3.0,0.0,5.0,0
92.0,80808.0,26.0,1.0,0.0,0.0,1
25.0,57535.0,84.0,7.0,1.0,3.0,2
61.0,163509.0,51.0,4.0,0.0,5.0,0
72.0,75884.0,57.0,7.0,0.0,4.0,2
89.0,157759.0,52.0,6.0,0.0,0.0,0
37.0,184813.0,44.0,2.0,0.0,4.0,0
59.0,187253.0,51.0,7.0,1.0,4.0,0
41.0,81718.0,36.0,3.0,1.0,3.0,1
60.0,150019.0,37.0,2.0,1.0,1.0,0
81.0,53452.0,73.0,6.0,0.0,3.0,2
85.0,150765.0,42.0,2.0,1.0,6.0,0
65.0,56647.0,12.0,4.0,0.0,1.0,2
19.0,117477.0,48.0,7.0,0.0,5.0,1
78.0,79677.0,9.0,7.0,0.0,0.0,2
0.0,116759.0,28.0,3.0,0.0,8.0,1
26.0,180702.0,21.0,1.0,1.0,3.0,0
2.0,122698.0,100.0,1.0,0.0,3.0,1
60.0,169346.0,55.0,2.0,0.0,5.0,0
67.0,93176.0,25.0,1.0,0.0,0.0,1
4.0,75853.0,40.0,5.0,0.0,6.0,2
7.0,119362.0,58.0,1.0,1.0,2.0,1
28.0,81545.0,36.0,7.0,1.0,0.0,1
67.0,67372.0,75.0,7.0,1.0,0.0,2
30.0,109703.0,61.0,1.0,0.0,4.0,1
38.0,166697.0,39.0,4.0,1.0,8.0,0
40.0,124982.0,34.0,7.0,0.0,2.0,1
6.0,146776.0,83.0,7.0,0.0,7.0,0
3.0,147548.0,45.0,5.0,0.0,4.0,0
51.0,117620.0,60.0,6.0,0.0,5.0,1
63.0,85351.0,57.0,2.0,1.0,5.0,1
65.0,174432.0,8.0,7.0,1.0,0.0,0
44.0,70787.0,68.0,3.0,1.0,1.0,2
90.0,75473.0,63.0,7.0,0.0,5.0,2
76.0,90082.0,49.0,6.0,1.0,5.0,1
62.0,185388.0,54.0,2.0,0.0,5.0,0
5.0,168110.0,69.0,6.0,0.0,1.0,0
67.0,184628.0,38.0,2.0,0.0,0.0,0
38.0,176551.0,45.0,1.0,0.0,5.0,0
31.0,76422.0,21.0,7.0,0.0,5.0,2
2.0,164248.0,51.0,3.0,1.0,3.0,0
82.0,109188.0,38.0,7.0,0.0,7.0,1
66.0,132951.0,26.0,1.0,0.0,5.0,1
75.0,164598.0,32.0,1.0,0.0,5.0,0
62.0,111859.0,86.0,1.0,0.0,5.0,1
0.0,121926.0,41.0,1.0,0.0,7.0,1
11.0,143047.0,42.0,3.0,0.0,4.0,0
22.0,131748.0,23.0,3.0,0.0,0.0,1
76.0,142801.0,23.0,1.0,1.0,7.0,0
85.0,142723.0,46.0,6.0,1.0,2.0,0
21.0,155151.0,16.0,3.0,1.0,8.0,0
64.0,153607.0,48.0,4.0,0.0,5.0,0
94.0,144192.0,34.0,3.0,1.0,5.0,0
83.0,174159.0,22.0,4.0,0.0,7.0,0
93.0,73642.0,50.0,3.0,0.0,8.0,2
12.0,170319.0,46.0,7.0,0.0,0.0,0
0.0,141351.0,10.0,2.0,0.0,2.0,0
79.0,167411.0,9.0,5.0,0.0,8.0,0
90.0,58289.0,49.0,6.0,1.0,0.0,2
45.0,79801.0,77.0,2.0,0.0,1.0,2
82.0,146118.0,52.0,7.0,0.0,8.0,0
57.0,57337.0,14.0,4.0,0.0,5.0,2
43.0,113575.0,6.0,2.0,0.0,3.0,1
63.0,122658.0,65.0,2.0,1.0,2.0,1
62.0,151836.0,13.0,6.0,0.0,0.0,0
43.0,185900.0,80.0,4.0,0.0,6.0,0
34.0,94029.0,98.0,4.0,0.0,5.0,1
30.0,157290.0,22.0,2.0,0.0,0.0,0
97.0,175996.0,42.0,4.0,1.0,3.0,0
68.0,102016.0,37.0,4.0,1.0,0.0,1
16.0,77902.0,67.0,2.0,1.0,0.0,2
15.0,81138.0,86.0,7.0,0.0,5.0,1
25.0,128258.0,48.0,2.0,1.0,4.0,1
29.0,62475.0,24.0,4.0,0.0,0.0,2
85.0,82854.0,75.0,4.0,0.0,0.0,1
30.0,59284.0,38.0,7.0,0.0,1.0,2
13.0,141580.0,92.0,4.0,0.0,5.0,0
88.0,171362.0,90.0,4.0,0.0,4.0,0
5.0,78274.0,65.0,2.0,1.0,0.0,2
95.0,76646.0,61.0,1.0,0.0,0.0,2
92.0,78308.0,66.0,2.0,0.0,4.0,2
63.0,78971.0,89.0,2.0,0.0,2.0,2
75.0,65528.0,73.0,5.0,0.0,8.0,2
67.0,94199.0,71.0,7.0,1.0,0.0,1
58.0,135705.0,48.0,7.0,0.0,2.0,0
52.0,130573.0,31.0,3.0,1.0,3.0,1
85.0,152303.0,68.0,5.0,0.0,0.0,0
31.0,144582.0,89.0,1.0,0.0,1.0,0
84.0,93288.0,60.0,6.0,0.0,0.0,1
93.0,88192.0,3.0,2.0,0.0,8.0,1
18.0,62362.0,81.0,3.0,1.0,7.0,2
73.0,74350.0,39.0,1.0,1.0,7.0,2
3.0,144103.0,42.0,7.0,1.0,5.0,0
1.0,75518.0,17.0,3.0,1.0,7.0,2
53.0,160980.0,62.0,2.0,1.0,1.0,0
75.0,102904.0,28.0,6.0,0.0,0.0,1
47.0,157661.0,57.0,6.0,0.0,5.0,0
66.0,118385.0,8.0,3.0,0.0,5.0,1
17.0,116463.0,100.0,4.0,0.0,0.0,1
1.0,161212.0,14.0,6.0,0.0,0.0,0
16.0,172601.0,50.0,6.0,1.0,8.0,0
52.0,167214.0,94.0,7.0,0.0,6.0,0
21.0,69644.0,19.0,1.0,1.0,0.0,2
19.0,120215.0,46.0,2.0,0.0,6.0,1
29.0,180401.0,23.0,6.0,0.0,2.0,0
40.0,113739.0,93.0,7.0,0.0,0.0,1
76.0,111717.0,41.0,2.0,1.0,5.0,1
91.0,62808.0,20.0,4.0,1.0,2.0,2
24.0,67582.0,13.0,3.0,0.0,0.0,2
4.0,96543.0,60.0,1.0,1.0,0.0,1
90.0,89667.0,69.0,2.0,1.0,0.0,1
56.0,98980.0,65.0,1.0,0.0,2.0,1
14.0,124998.0,17.0,3.0,1.0,7.0,1
52.0,189091.0,12.0,6.0,1.0,0.0,0
14.0,153842.0,3.0,3.0,0.0,0.0,0
30.0,106314.0,16.0,7.0,1.0,0.0,1
70.0,62901.0,60.0,5.0,0.0,0.0,2
14.0,149618.0,78.0,6.0,1.0,5.0,0
95.0,72068.0,97.0,6.0,0.0,5.0,2
95.0,118575.0,10.0,3.0,0.0,3.0,1
12.0,82382.0,97.0,3.0,0.0,4.0,1
82.0,114776.0,55.0,3.0,1.0,3.0,1
2.0,145597.0,81.0,6.0,0.0,0.0,0
51.0,162072.0,86.0,1.0,1.0,2.0,0
63.0,172872.0,11.0,7.0,1.0,5.0,0
30.0,182162.0,6.0,3.0,0.0,0.0,0
68.0,71467.0,81.0,7.0,0.0,0.0,2
21.0,85568.0,1.0,6.0,0.0,5.0,1
99.0,56851.0,72.0,3.0,0.0,3.0,2
0.0,116782.0,73.0,5.0,0.0,0.0,1
80.0,67781.0,1.0,4.0,0.0,3.0,2
51.0,70152.0,29.0,2.0,0.0,5.0,2
18.0,185861.0,82.0,6.0,1.0,0.0,0
43.0,162595.0,17.0,3.0,1.0,0.0,0
29.0,80098.0,54.0,6.0,0.0,7.0,2
20.0,184801.0,8.0,1.0,0.0,7.0,0
39.0,58908.0,37.0,6.0,0.0,0.0,2
9.0,146011.0,69.0,5.0,0.0,8.0,0
45.0,135174.0,39.0,4.0,0.0,0.0,0
65.0,114244.0,64.0,1.0,0.0,0.0,1
64.0,157207.0,52.0,4.0,0.0,5.0,0
81.0,128834.0,23.0,4.0,0.0,3.0,1
54.0,51166.0,24.0,7.0,1.0,3.0,2
32.0,130118.0,36.0,4.0,0.0,0.0,1
29.0,87014.0,71.0,4.0,1.0,1.0,1
25.0,111379.0,93.0,2.0,0.0,0.0,1
5.0,83704.0,82.0,1.0,1.0,3.0,1
55.0,90558.0,49.0,2.0,0.0,5.0,1
12.0,187343.0,14.0,3.0,1.0,5.0,0
81.0,111174.0,48.0,6.0,0.0,3.0,1
87.0,64461.0,63.0,4.0,1.0,2.0,2
12.0,109618.0,97.0,3.0,1.0,0.0,1
91.0,189357.0,4.0,1.0,1.0,7.0,0
63.0,120955.0,79.0,1.0,0.0,0.0,1
97.0,168898.0,54.0,7.0,0.0,6.0,0
89.0,130431.0,52.0,3.0,1.0,5.0,1
59.0,161091.0,56.0,1.0,1.0,2.0,0
26.0,69988.0,2.0,4.0,0.0,6.0,2
5.0,169702.0,98.0,1.0,0.0,1.0,0
32.0,186897.0,49.0,7.0,1.0,5.0,0
98.0,109061.0,41.0,1.0,0.0,2.0,1
31.0,188620.0,30.0,6.0,1.0,0.0,0
59.0,108675.0,57.0,5.0,0.0,0.0,1
80.0,177601.0,34.0,2.0,0.0,3.0,0
12.0,87365.0,3.0,2.0,0.0,8.0,1
80.0,95929.0,23.0,2.0,1.0,2.0,1
59.0,97185.0,87.0,5.0,1.0,3.0,1
56.0,103838.0,17.0,2.0,0.0,0.0,1
18.0,129260.0,11.0,3.0,1.0,1.0,1
66.0,151184.0,19.0,4.0,0.0,0.0,0
67.0,177512.0,62.0,3.0,0.0,2.0,0
39.0,140099.0,51.0,7.0,1.0,7.0,0
23.0,67535.0,97.0,6.0,1.0,5.0,2
47.0,133236.0,61.0,6.0,1.0,4.0,1
41.0,87975.0,5.0,7.0,0.0,6.0,1
40.0,164350.0,23.0,5.0,0.0,5.0,0
36.0,55109.0,53.0,3.0,1.0,0.0,2
12.0,67613.0,40.0,2.0,0.0,3.0,2
60.0,185306.0,47.0,2.0,0.0,3.0,0
24.0,154787.0,84.0,5.0,0.0,4.0,0
17.0,109759.0,96.0,3.0,0.0,0.0,1
92.0,114571.0,51.0,3.0,0.0,4.0,1
32.0,130697.0,93.0,2.0,1.0,0.0,1
39.0,115916.0,24.0,6.0,1.0,1.0,1
50.0,69814.0,53.0,2.0,0.0,0.0,2
85.0,118161.0,74.0,4.0,0.0,2.0,1
65.0,56583.0,65.0,3.0,1.0,5.0,2
17.0,185843.0,36.0,3.0,0.0,0.0,0
31.0,171825.0,22.0,4.0,0.0,3.0,0
24.0,77976.0,95.0,3.0,1.0,0.0,2
97.0,66312.0,75.0,1.0,1.0,3.0,2
92.0,81839.0,11.0,4.0,0.0,3.0,1
80.0,55712.0,5.0,6.0,0.0,0.0,2
33.0,158335.0,45.0,5.0,1.0,5.0,0
8.0,74253.0,45.0,6.0,1.0,7.0,2
67.0,119625.0,3.0,4.0,1.0,5.0,1
8.0,129743.0,6.0,2.0,0.0,0.0,1
61.0,101007.0,60.0,6.0,0.0,7.0,1
83.0,87529.0,49.0,7.0,1.0,0.0,1
8.0,151648.0,98.0,6.0,1.0,5.0,0
14.0,164659.0,59.0,6.0,1.0,3.0,0
80.0,125623.0,62.0,4.0,0.0,4.0,1
85.0,104054.0,22.0,4.0,0.0,0.0,1
88.0,83535.0,56.0,5.0,1.0,0.0,1
76.0,166245.0,13.0,3.0,0.0,4.0,0
32.0,100890.0,60.0,4.0,0.0,3.0,1
99.0,55972.0,83.0,7.0,0.0,3.0,2
85.0,134282.0,39.0,5.0,0.0,0.0,0
25.0,106669.0,22.0,7.0,0.0,7.0,1
99.0,145777.0,94.0,5.0,0.0,4.0,0
41.0,119259.0,91.0,5.0,1.0,5.0,1
1.0,150174.0,59.0,2.0,0.0,0.0,0
45.0,55472.0,51.0,3.0,0.0,5.0,2
55.0,99423.0,82.0,5.0,1.0,5.0,1
20.0,146221.0,25.0,3.0,0.0,8.0,0
33.0,84238.0,31.0,2.0,0.0,0.0,1
92.0,57032.0,75.0,5.0,1.0,3.0,2
93.0,88811.0,52.0,4.0,1.0,2.0,1
60.0,167420.0,38.0,2.0,1.0,0.0,0
38.0,101846.0,17.0,2.0,1.0,1.0,1
15.0,114061.0,87.0,5.0,1.0,0.0,1
74.0,147449.0,16.0,5.0,1.0,0.0,0
47.0,83043.0,76.0,1.0,0.0,4.0,1
96.0,168990.0,81.0,5.0,0.0,1.0,0
97.0,73867.0,65.0,5.0,1.0,5.0,2
35.0,165772.0,51.0,4.0,0.0,5.0,0
19.0,178217.0,38.0,3.0,0.0,8.0,0
60.0,162612.0,98.0,6.0,1.0,2.0,0
37.0,99872.0,53.0,3.0,1.0,3.0,1
49.0,142566.0,77.0,7.0,0.0,0.0,0
1.0,111424.0,80.0,5.0,0.0,3.0,1
43.0,187841.0,38.0,4.0,1.0,0.0,0
46.0,171921.0,50.0,6.0,0.0,0.0,0
65.0,115299.0,87.0,3.0,0.0,0.0,1
75.0,94129.0,27.0,7.0,1.0,5.0,1
40.0,172378.0,39.0,6.0,1.0,3.0,0
28.0,146597.0,31.0,4.0,1.0,2.0,0
78.0,64057.0,44.0,3.0,0.0,1.0,2
22.0,163585.0,49.0,5.0,0.0,0.0,0
6.0,93186.0,83.0,3.0,1.0,3.0,1
46.0,149764.0,1.0,6.0,1.0,3.0,0
17.0,116822.0,84.0,3.0,1.0,1.0,1
46.0,109346.0,37.0,2.0,0.0,3.0,1
72.0,111587.0,99.0,4.0,0.0,0.0,1
38.0,166644.0,66.0,6.0,0.0,0.0,0
50.0,181270.0,56.0,1.0,0.0,0.0,0
47.0,65207.0,81.0,2.0,1.0,5.0,2
72.0,112146.0,21.0,4.0,0.0,6.0,1
8.0,104953.0,57.0,6.0,1.0,1.0,1
34.0,139009.0,24.0,4.0,0.0,0.0,0
53.0,67916.0,82.0,6.0,0.0,5.0,2
82.0,99983.0,88.0,1.0,0.0,4.0,1
63.0,131122.0,40.0,6.0,1.0,0.0,1
58.0,173190.0,37.0,4.0,0.0,1.0,0
23.0,122712.0,21.0,1.0,1.0,8.0,1
80.0,55792.0,30.0,6.0,0.0,0.0,2
45.0,73892.0,45.0,4.0,1.0,1.0,2
84.0,152475.0,12.0,7.0,0.0,0.0,0
45.0,152226.0,87.0,4.0,1.0,0.0,0
85.0,117679.0,18.0,3.0,1.0,3.0,1
23.0,146473.0,87.0,4.0,1.0,0.0,0
79.0,66051.0,75.0,7.0,1.0,5.0,2
47.0,162332.0,72.0,5.0,1.0,3.0,0
93.0,166018.0,71.0,3.0,0.0,1.0,0
95.0,67398.0,81.0,5.0,0.0,3.0,2
44.0,73760.0,70.0,6.0,1.0,3.0,2
95.0,167578.0,66.0,1.0,1.0,3.0,0
28.0,130267.0,45.0,4.0,1.0,2.0,1
91.0,94846.0,95.0,5.0,1.0,2.0,1
81.0,155396.0,1.0,5.0,0.0,2.0,0
90.0,138013.0,16.0,7.0,0.0,0.0,0
79.0,148286.0,77.0,4.0,1.0,3.0,0
6.0,101031.0,28.0,1.0,0.0,0.0,1
38.0,52884.0,24.0,1.0,0.0,7.0,2
87.0,153230.0,15.0,1.0,1.0,5.0,0
93.0,63261.0,13.0,7.0,0.0,2.0,2
44.0,90167.0,84.0,3.0,1.0,2.0,1
84.0,53622.0,27.0,3.0,0.0,0.0,2
7.0,172913.0,94.0,4.0,0.0,4.0,0
41.0,94316.0,86.0,6.0,0.0,0.0,1
33.0,67874.0,55.0,2.0,0.0,0.0,2
34.0,176554.0,62.0,2.0,0.0,5.0,0
53.0,135341.0,56.0,2.0,0.0,5.0,0
47.0,129019.0,57.0,3.0,0.0,5.0,1
53.0,107879.0,3.0,6.0,1.0,1.0,1
92.0,79531.0,4.0,1.0,1.0,0.0,2
89.0,63379.0,59.0,7.0,1.0,0.0,2
27.0,156258.0,54.0,4.0,0.0,3.0,0
70.0,67874.0,41.0,3.0,1.0,3.0,2
86.0,159964.0,57.0,6.0,0.0,2.0,0
99.0,103706.0,50.0,2.0,0.0,3.0,1
96.0,64713.0,84.0,7.0,0.0,3.0,2
65.0,90414.0,55.0,5.0,0.0,0.0,1
82.0,171100.0,34.0,5.0,0.0,4.0,0
36.0,187305.0,85.0,7.0,1.0,2.0,0
30.0,139758.0,46.0,6.0,0.0,7.0,0
96.0,91226.0,56.0,5.0,0.0,5.0,1
69.0,143928.0,30.0,7.0,0.0,2.0,0
34.0,92366.0,14.0,6.0,0.0,5.0,1
74.0,175041.0,25.0,1.0,1.0,0.0,0
97.0,147301.0,93.0,5.0,1.0,7.0,0
56.0,119296.0,49.0,7.0,1.0,2.0,1
30.0,126306.0,44.0,1.0,0.0,0.0,1
13.0,100647.0,49.0,3.0,1.0,4.0,1
95.0,168663.0,16.0,5.0,0.0,2.0,0
2.0,105391.0,42.0,7.0,0.0,4.0,1
78.0,175179.0,43.0,4.0,0.0,4.0,0
54.0,165019.0,12.0,2.0,0.0,3.0,0
85.0,68212.0,26.0,4.0,0.0,5.0,2
13.0,64572.0,71.0,2.0,1.0,0.0,2
85.0,92591.0,99.0,2.0,0.0,0.0,1
41.0,69730.0,97.0,4.0,0.0,0.0,2
25.0,156793.0,57.0,4.0,0.0,8.0,0
74.0,56848.0,41.0,1.0,0.0,0.0,2
8.0,148450.0,55.0,6.0,1.0,5.0,0
62.0,150619.0,32.0,6.0,1.0,0.0,0
52.0,100261.0,10.0,6.0,1.0,0.0,1
36.0,109895.0,56.0,2.0,0.0,5.0,1
11.0,152684.0,24.0,3.0,1.0,7.0,0
84.0,133765.0,83.0,3.0,0.0,0.0,0
99.0,57677.0,99.0,5.0,0.0,7.0,2
51.0,112358.0,27.0,6.0,0.0,0.0,1
57.0,73845.0,52.0,7.0,0.0,0.0,2
92.0,89531.0,42.0,2.0,1.0,5.0,1
29.0,118092.0,100.0,3.0,1.0,3.0,1
62.0,144242.0,49.0,4.0,1.0,3.0,0
43.0,140876.0,90.0,4.0,0.0,3.0,0
72.0,76888.0,26.0,1.0,1.0,8.0,2
28.0,116644.0,88.0,3.0,0.0,0.0,1
57.0,143021.0,3.0,4.0,0.0,4.0,0
86.0,145679.0,91.0,6.0,0.0,7.0,0
26.0,64398.0,7.0,6.0,0.0,7.0,2
13.0,104512.0,40.0,3.0,0.0,8.0,1
1.0,71564.0,68.0,5.0,1.0,0.0,2
89.0,122707.0,64.0,3.0,0.0,6.0,1
91.0,51733.0,96.0,5.0,0.0,5.0,2
67.0,138087.0,63.0,7.0,0.0,8.0,0
63.0,147278.0,51.0,4.0,1.0,7.0,0
90.0,187339.0,62.0,6.0,0.0,5.0,0
87.0,129972.0,97.0,6.0,0.0,4.0,1
89.0,151176.0,55.0,2.0,0.0,5.0,0
34.0,74358.0,60.0,6.0,0.0,0.0,2
89.0,83953.0,82.0,3.0,1.0,5.0,1
31.0,62925.0,24.0,6.0,1.0,2.0,2
55.0,65257.0,93.0,3.0,1.0,1.0,2
3.0,188557.0,4.0,2.0,0.0,5.0,0
64.0,163783.0,84.0,1.0,1.0,5.0,0
1.0,108342.0,97.0,3.0,0.0,1.0,1
20.0,155951.0,21.0,4.0,0.0,5.0,0
18.0,183071.0,29.0,4.0,0.0,0.0,0
83.0,124104.0,20.0,6.0,0.0,5.0,1
21.0,136747.0,3.0,1.0,0.0,5.0,0
19.0,189498.0,18.0,1.0,1.0,0.0,0
74.0,76149.0,48.0,6.0,0.0,0.0,2
44.0,185550.0,54.0,1.0,0.0,0.0,0
52.0,119567.0,19.0,2.0,0.0,0.0,1
14.0,79806.0,30.0,6.0,0.0,2.0,2
10.0,180774.0,66.0,5.0,1.0,3.0,0
80.0,90142.0,50.0,2.0,0.0,7.0,1
82.0,184481.0,84.0,2.0,0.0,4.0,0
32.0,66089.0,75.0,3.0,0.0,0.0,2
16.0,60044.0,83.0,1.0,0.0,0.0,2
61.0,52543.0,23.0,6.0,1.0,4.0,2
57.0,50429.0,23.0,1.0,1.0,0.0,2
95.0,178228.0,45.0,2.0,1.0,2.0,0
38.0,161130.0,98.0,3.0,0.0,0.0,0
70.0,87976.0,38.0,6.0,1.0,7.0,1
40.0,179150.0,91.0,2.0,0.0,0.0,0
92.0,163442.0,32.0,6.0,0.0,4.0,0
73.0,108159.0,18.0,7.0,0.0,3.0,1
62.0,73419.0,14.0,1.0,0.0,5.0,2
12.0,138425.0,78.0,6.0,0.0,1.0,0
65.0,54431.0,93.0,7.0,1.0,5.0,2
88.0,168437.0,81.0,2.0,0.0,0.0,0
55.0,71322.0,54.0,6.0,0.0,3.0,2
20.0,141428.0,32.0,5.0,0.0,3.0,0
97.0,142214.0,32.0,4.0,1.0,0.0,0
93.0,62590.0,43.0,6.0,0.0,0.0,2
84.0,172523.0,83.0,2.0,1.0,0.0,0
16.0,157588.0,76.0,6.0,0.0,4.0,0
10.0,143313.0,57.0,7.0,0.0,1.0,0
59.0,119833.0,38.0,2.0,0.0,1.0,1
54.0,70803.0,35.0,5.0,0.0,3.0,2
82.0,139008.0,47.0,4.0,1.0,0.0,0
83.0,126669.0,53.0,6.0,1.0,0.0,1
87.0,122722.0,10.0,4.0,1.0,4.0,1
1.0,79800.0,47.0,1.0,1.0,0.0,2
89.0,100155.0,5.0,1.0,1.0,5.0,1
32.0,110846.0,49.0,2.0,0.0,0.0,1
1.0,106841.0,69.0,3.0,0.0,3.0,1
54.0,117181.0,66.0,5.0,0.0,1.0,1
56.0,86898.0,76.0,6.0,0.0,5.0,1
31.0,143241.0,81.0,7.0,0.0,4.0,0
26.0,146028.0,33.0,5.0,0.0,5.0,0
7.0,165287.0,65.0,3.0,1.0,1.0,0
60.0,132486.0,9.0,2.0,0.0,0.0,1
92.0,96424.0,74.0,5.0,1.0,0.0,1
93.0,151468.0,41.0,5.0,0.0,0.0,0
8.0,76561.0,79.0,1.0,0.0,5.0,2
81.0,125316.0,81.0,6.0,0.0,7.0,1
21.0,109373.0,22.0,2.0,1.0,3.0,1
96.0,135042.0,12.0,7.0,1.0,0.0,0
78.0,59784.0,81.0,3.0,0.0,0.0,2
86.0,140687.0,63.0,2.0,1.0,0.0,0
1.0,182927.0,55.0,1.0,1.0,5.0,0
62.0,175534.0,44.0,6.0,0.0,0.0,0
68.0,170957.0,6.0,3.0,1.0,7.0,0
70.0,81197.0,76.0,4.0,1.0,0.0,1
21.0,104888.0,8.0,4.0,0.0,5.0,1
62.0,139588.0,66.0,2.0,0.0,4.0,0
22.0,126543.0,45.0,3.0,1.0,6.0,1
87.0,177260.0,45.0,2.0,0.0,3.0,0
44.0,156823.0,42.0,5.0,1.0,5.0,0
27.0,183201.0,52.0,6.0,0.0,2.0,0
95.0,84925.0,46.0,6.0,0.0,0.0,1
89.0,69719.0,47.0,2.0,1.0,0.0,2
41.0,61355.0,13.0,3.0,0.0,5.0,2
41.0,156014.0,49.0,5.0,1.0,1.0,0
21.0,184088.0,21.0,7.0,1.0,3.0,0
59.0,158372.0,98.0,1.0,0.0,0.0,0
64.0,135742.0,67.0,7.0,0.0,5.0,0
38.0,145704.0,82.0,4.0,0.0,8.0,0
70.0,157307.0,23.0,3.0,0.0,4.0,0
25.0,88064.0,73.0,5.0,0.0,4.0,1
3.0,167226.0,59.0,1.0,0.0,6.0,0
70.0,153821.0,8.0,4.0,0.0,8.0,0
29.0,170669.0,78.0,5.0,1.0,1.0,0
88.0,93555.0,13.0,3.0,1.0,0.0,1
20.0,101941.0,18.0,3.0,0.0,5.0,1
58.0,78795.0,44.0,6.0,0.0,2.0,2
70.0,55875.0,94.0,5.0,0.0,2.0,2
44.0,177513.0,81.0,5.0,0.0,7.0,0
87.0,100850.0,83.0,3.0,0.0,1.0,1
0.0,143082.0,63.0,7.0,0.0,3.0,0
96.0,85447.0,4.0,6.0,0.0,0.0,1
75.0,114213.0,33.0,4.0,0.0,1.0,1
14.0,161120.0,69.0,1.0,1.0,4.0,0
8.0,186682.0,86.0,1.0,0.0,3.0,0
58.0,105302.0,75.0,3.0,1.0,1.0,1
5.0,133400.0,47.0,6.0,0.0,2.0,1
70.0,56432.0,23.0,5.0,1.0,2.0,2
49.0,136467.0,72.0,3.0,0.0,5.0,0
60.0,189945.0,20.0,5.0,1.0,2.0,0
25.0,163966.0,48.0,5.0,0.0,7.0,0
47.0,52152.0,17.0,3.0,1.0,0.0,2
53.0,145720.0,62.0,7.0,1.0,6.0,0
24.0,188034.0,61.0,5.0,1.0,5.0,0
46.0,127911.0,3.0,2.0,0.0,6.0,1
70.0,174114.0,31.0,1.0,0.0,7.0,0
53.0,144489.0,10.0,3.0,1.0,0.0,0
63.0,77440.0,47.0,5.0,1.0,7.0,2
24.0,86119.0,44.0,6.0,0.0,0.0,1
5.0,100056.0,49.0,3.0,0.0,3.0,1
7.0,66686.0,50.0,7.0,1.0,0.0,2
71.0,74696.0,41.0,6.0,0.0,1.0,2
23.0,65641.0,50.0,5.0,1.0,3.0,2
0.0,61228.0,81.0,6.0,0.0,3.0,2
2.0,138529.0,87.0,4.0,0.0,5.0,0
72.0,152405.0,4.0,4.0,0.0,0.0,0
18.0,157757.0,84.0,4.0,1.0,1.0,0
11.0,166361.0,59.0,4.0,1.0,2.0,0
95.0,67227.0,30.0,7.0,0.0,0.0,2
20.0,161156.0,88.0,4.0,1.0,2.0,0
58.0,170647.0,70.0,7.0,0.0,5.0,0
67.0,161646.0,36.0,2.0,0.0,5.0,0
43.0,98016.0,18.0,6.0,1.0,5.0,1
36.0,50526.0,19.0,6.0,1.0,0.0,2
2.0,175208.0,43.0,4.0,1.0,4.0,0
35.0,97721.0,48.0,7.0,0.0,2.0,1
81.0,142013.0,81.0,4.0,0.0,3.0,0
84.0,166737.0,76.0,3.0,1.0,0.0,0
18.0,62651.0,13.0,2.0,0.0,3.0,2
54.0,179546.0,4.0,4.0,0.0,6.0,0
98.0,51866.0,81.0,7.0,0.0,0.0,2
75.0,86297.0,42.0,4.0,0.0,4.0,1
98.0,65031.0,23.0,4.0,0.0,0.0,2
94.0,69383.0,25.0,2.0,1.0,3.0,2
24.0,70733.0,63.0,3.0,1.0,0.0,2
47.0,187898.0,89.0,2.0,0.0,0.0,0
40.0,116001.0,55.0,4.0,0.0,2.0,1
68.0,87040.0,4.0,1.0,1.0,0.0,1
18.0,180956.0,74.0,2.0,0.0,0.0,0
83.0,115517.0,82.0,6.0,0.0,5.0,1
34.0,76979.0,46.0,3.0,1.0,7.0,2
81.0,50798.0,56.0,5.0,1.0,0.0,2
61.0,146350.0,43.0,3.0,0.0,0.0,0
77.0,81112.0,61.0,3.0,0.0,5.0,1
52.0,80605.0,20.0,6.0,1.0,1.0,2
40.0,171949.0,11.0,6.0,1.0,1.0,0
93.0,159006.0,26.0,6.0,1.0,0.0,0
45.0,177368.0,96.0,2.0,0.0,5.0,0
83.0,187643.0,3.0,1.0,0.0,0.0,0
23.0,93841.0,25.0,7.0,1.0,7.0,1
15.0,131061.0,92.0,7.0,1.0,5.0,1
79.0,146130.0,20.0,6.0,1.0,3.0,0
80.0,84471.0,79.0,5.0,1.0,1.0,1
35.0,144485.0,15.0,4.0,0.0,3.0,0
39.0,158638.0,78.0,5.0,0.0,5.0,0
4.0,96693.0,28.0,4.0,1.0,3.0,1
83.0,129507.0,93.0,7.0,0.0,5.0,1
94.0,114510.0,39.0,4.0,0.0,5.0,1
12.0,149031.0,96.0,5.0,0.0,0.0,0
77.0,66256.0,13.0,2.0,0.0,7.0,2
48.0,118285.0,69.0,4.0,0.0,1.0,1
97.0,128723.0,58.0,5.0,1.0,0.0,1
28.0,178285.0,91.0,7.0,0.0,0.0,0
99.0,144176.0,74.0,2.0,0.0,8.0,0
27.0,82474.0,31.0,3.0,1.0,0.0,1
95.0,159010.0,84.0,2.0,0.0,7.0,0
6.0,76164.0,83.0,2.0,0.0,0.0,2
18.0,77873.0,49.0,5.0,1.0,4.0,2
42.0,53392.0,89.0,4.0,1.0,0.0,2
50.0,168898.0,41.0,7.0,1.0,0.0,0
86.0,128917.0,7.0,5.0,1.0,6.0,1
69.0,185067.0,49.0,4.0,1.0,7.0,0
23.0,132183.0,76.0,3.0,1.0,0.0,1
82.0,82060.0,46.0,1.0,0.0,5.0,1
97.0,133614.0,58.0,4.0,0.0,0.0,0
75.0,76474.0,5.0,5.0,0.0,1.0,2
14.0,94655.0,9.0,1.0,0.0,5.0,1
3.0,60933.0,30.0,1.0,1.0,1.0,2
16.0,79257.0,82.0,2.0,1.0,5.0,2
45.0,125677.0,36.0,2.0,0.0,3.0,1
23.0,127971.0,56.0,5.0,0.0,0.0,1
38.0,76103.0,62.0,3.0,1.0,4.0,2
45.0,114741.0,96.0,5.0,0.0,0.0,1
82.0,157994.0,92.0,1.0,0.0,0.0,0
73.0,93786.0,44.0,1.0,1.0,3.0,1
36.0,75178.0,41.0,7.0,1.0,3.0,2
13.0,175267.0,81.0,4.0,1.0,5.0,0
96.0,99263.0,100.0,1.0,0.0,5.0,1
83.0,52590.0,3.0,4.0,0.0,5.0,2
33.0,170959.0,75.0,4.0,1.0,0.0,0
68.0,135076.0,60.0,5.0,1.0,2.0,0
88.0,167112.0,34.0,1.0,1.0,7.0,0
87.0,184639.0,12.0,6.0,0.0,1.0,0
88.0,172369.0,80.0,6.0,0.0,0.0,0
43.0,124256.0,67.0,7.0,0.0,8.0,1
64.0,89972.0,92.0,6.0,0.0,0.0,1
96.0,67799.0,42.0,6.0,1.0,3.0,2
72.0,176074.0,70.0,7.0,0.0,1.0,0
48.0,167517.0,27.0,7.0,1.0,0.0,0
64.0,77914.0,11.0,6.0,0.0,0.0,2
8.0,57605.0,81.0,2.0,0.0,1.0,2
52.0,86365.0,70.0,7.0,0.0,2.0,1
3.0,93883.0,39.0,2.0,1.0,5.0,1
44.0,131091.0,62.0,1.0,0.0,0.0,1
14.0,87222.0,14.0,4.0,1.0,5.0,1
50.0,117076.0,45.0,2.0,0.0,1.0,1
53.0,150925.0,1.0,2.0,1.0,5.0,0
31.0,149379.0,100.0,3.0,0.0,7.0,0
31.0,138644.0,94.0,3.0,0.0,2.0,0
97.0,148493.0,42.0,7.0,1.0,1.0,0
27.0,84658.0,66.0,6.0,1.0,7.0,1
2.0,111618.0,99.0,5.0,1.0,7.0,1
81.0,108759.0,60.0,6.0,1.0,0.0,1
64.0,186203.0,73.0,5.0,1.0,0.0,0
11.0,147258.0,59.0,2.0,0.0,7.0,0
78.0,132983.0,67.0,7.0,0.0,5.0,1
72.0,149092.0,39.0,1.0,1.0,2.0,0
36.0,163845.0,84.0,7.0,1.0,1.0,0
97.0,117777.0,67.0,5.0,1.0,0.0,1
88.0,131584.0,18.0,3.0,1.0,0.0,1
21.0,123904.0,91.0,5.0,0.0,0.0,1
62.0,89801.0,88.0,4.0,0.0,0.0,1
73.0,173466.0,57.0,5.0,1.0,3.0,0
34.0,55690.0,4.0,6.0,0.0,8.0,2
39.0,100419.0,19.0,4.0,1.0,0.0,1
82.0,62951.0,47.0,2.0,0.0,7.0,2
39.0,118554.0,1.0,6.0,1.0,7.0,1
13.0,140673.0,49.0,7.0,0.0,0.0,0
68.0,75561.0,87.0,3.0,0.0,5.0,2
77.0,147306.0,50.0,6.0,0.0,5.0,0
35.0,111871.0,30.0,1.0,0.0,1.0,1
5.0,112884.0,43.0,6.0,1.0,5.0,1
47.0,121267.0,58.0,1.0,0.0,2.0,1
48.0,151519.0,93.0,2.0,0.0,0.0,0
34.0,105448.0,40.0,5.0,0.0,0.0,1
20.0,92048.0,91.0,1.0,0.0,5.0,1
61.0,99980.0,94.0,1.0,1.0,5.0,1
16.0,84003.0,68.0,6.0,1.0,0.0,1
2.0,110889.0,95.0,2.0,1.0,4.0,1
52.0,82478.0,95.0,1.0,0.0,4.0,1
99.0,139685.0,20.0,4.0,1.0,5.0,0
84.0,182374.0,62.0,6.0,0.0,3.0,0
58.0,119366.0,94.0,2.0,0.0,2.0,1
91.0,53788.0,57.0,2.0,0.0,1.0,2
1.0,90341.0,92.0,2.0,0.0,1.0,1
67.0,118348.0,94.0,7.0,0.0,2.0,1
56.0,137428.0,87.0,2.0,1.0,0.0,0
62.0,106982.0,53.0,7.0,0.0,3.0,1
12.0,98532.0,52.0,6.0,0.0,1.0,1
38.0,120825.0,24.0,7.0,0.0,4.0,1
51.0,58006.0,83.0,5.0,0.0,4.0,2
20.0,106941.0,73.0,1.0,1.0,0.0,1
43.0,129782.0,31.0,2.0,1.0,3.0,1
93.0,121513.0,90.0,6.0,1.0,2.0,1
54.0,79925.0,30.0,3.0,0.0,5.0,2
23.0,112089.0,74.0,7.0,1.0,5.0,1
64.0,146794.0,90.0,3.0,0.0,5.0,0
55.0,75033.0,30.0,5.0,0.0,2.0,2
85.0,149969.0,78.0,6.0,0.0,4.0,0
20.0,124852.0,39.0,5.0,0.0,5.0,1
73.0,154837.0,42.0,4.0,1.0,4.0,0
53.0,145678.0,55.0,1.0,0.0,4.0,0
7.0,137354.0,89.0,7.0,0.0,0.0,0
50.0,136660.0,48.0,3.0,0.0,3.0,0
12.0,63334.0,99.0,6.0,0.0,0.0,2
37.0,62893.0,29.0,5.0,1.0,4.0,2
78.0,163514.0,89.0,2.0,1.0,1.0,0
29.0,145934.0,40.0,2.0,1.0,8.0,0
54.0,119223.0,58.0,7.0,0.0,7.0,1
89.0,127479.0,18.0,2.0,1.0,1.0,1
25.0,136146.0,98.0,6.0,0.0,0.0,0
14.0,76001.0,46.0,3.0,0.0,0.0,2
12.0,84885.0,24.0,2.0,0.0,5.0,1
18.0,82812.0,1.0,2.0,0.0,0.0,1
74.0,51260.0,43.0,5.0,1.0,3.0,2
21.0,159572.0,42.0,5.0,1.0,5.0,0
9.0,130186.0,88.0,7.0,1.0,0.0,1
49.0,176954.0,57.0,6.0,0.0,0.0,0
58.0,85908.0,99.0,4.0,1.0,0.0,1
16.0,75831.0,5.0,7.0,0.0,5.0,2
55.0,123045.0,56.0,3.0,0.0,2.0,1
31.0,161211.0,10.0,1.0,0.0,7.0,0
59.0,81702.0,27.0,4.0,0.0,8.0,1
25.0,173043.0,3.0,6.0,0.0,0.0,0
63.0,126380.0,90.0,1.0,1.0,0.0,1
60.0,128205.0,27.0,5.0,0.0,5.0,1
41.0,181355.0,73.0,3.0,0.0,0.0,0
84.0,97931.0,70.0,7.0,0.0,5.0,1
72.0,146432.0,25.0,1.0,1.0,0.0,0
97.0,125731.0,41.0,4.0,0.0,0.0,1
43.0,132701.0,70.0,2.0,0.0,5.0,1
63.0,116095.0,8.0,1.0,0.0,0.0,1
7.0,135773.0,42.0,5.0,0.0,0.0,0
54.0,136417.0,45.0,6.0,1.0,5.0,0
27.0,80783.0,82.0,3.0,1.0,0.0,2
28.0,182580.0,60.0,6.0,1.0,4.0,0
84.0,143567.0,48.0,2.0,0.0,0.0,0
71.0,85908.0,85.0,4.0,1.0,3.0,1
88.0,139806.0,99.0,4.0,0.0,3.0,0
75.0,77269.0,24.0,1.0,0.0,0.0,2
96.0,105968.0,65.0,5.0,0.0,2.0,1
83.0,125660.0,19.0,4.0,0.0,2.0,1
86.0,98444.0,76.0,4.0,0.0,3.0,1
60.0,179503.0,9.0,3.0,1.0,0.0,0
5.0,60575.0,14.0,2.0,0.0,2.0,2
65.0,75685.0,19.0,3.0,0.0,8.0,2
49.0,85374.0,45.0,5.0,0.0,0.0,1
78.0,128642.0,19.0,6.0,0.0,8.0,1
25.0,182292.0,78.0,5.0,1.0,0.0,0
5.0,124702.0,94.0,3.0,0.0,0.0,1
58.0,127833.0,2.0,7.0,0.0,0.0,1
80.0,178866.0,97.0,4.0,0.0,0.0,0
94.0,183643.0,51.0,5.0,0.0,0.0,0
62.0,113306.0,4.0,6.0,1.0,4.0,1
20.0,84008.0,77.0,4.0,1.0,0.0,1
85.0,85758.0,35.0,4.0,1.0,7.0,1
72.0,63128.0,45.0,7.0,0.0,2.0,2
95.0,70174.0,6.0,6.0,1.0,4.0,2
97.0,170133.0,42.0,5.0,0.0,2.0,0
25.0,165978.0,42.0,3.0,0.0,0.0,0
17.0,149727.0,78.0,3.0,0.0,0.0,0
59.0,113389.0,79.0,6.0,0.0,1.0,1
30.0,111690.0,73.0,4.0,1.0,3.0,1
63.0,184830.0,60.0,3.0,0.0,1.0,0
23.0,91549.0,23.0,3.0,0.0,0.0,1
97.0,94629.0,17.0,3.0,0.0,8.0,1
97.0,167558.0,99.0,7.0,0.0,0.0,0
94.0,119189.0,57.0,3.0,1.0,0.0,1
28.0,96207.0,67.0,5.0,0.0,0.0,1
21.0,85339.0,6.0,7.0,1.0,1.0,1
25.0,111942.0,7.0,5.0,0.0,0.0,1
48.0,157003.0,45.0,4.0,0.0,2.0,0
53.0,117123.0,23.0,7.0,0.0,0.0,1
97.0,172747.0,76.0,2.0,0.0,0.0,0
33.0,157358.0,52.0,4.0,1.0,5.0,0
5.0,156655.0,20.0,5.0,1.0,3.0,0
72.0,166043.0,93.0,6.0,1.0,1.0,0
40.0,67768.0,15.0,6.0,1.0,1.0,2
34.0,171353.0,34.0,4.0,1.0,1.0,0
63.0,116971.0,76.0,5.0,0.0,4.0,1
85.0,97822.0,38.0,3.0,0.0,1.0,1
86.0,117203.0,83.0,3.0,0.0,5.0,1
63.0,88720.0,100.0,1.0,0.0,0.0,1
76.0,139447.0,36.0,7.0,0.0,0.0,0
19.0,179269.0,93.0,3.0,1.0,3.0,0
84.0,136254.0,90.0,6.0,0.0,2.0,0
38.0,174594.0,56.0,2.0,1.0,4.0,0
1.0,100429.0,19.0,1.0,0.0,3.0,1
30.0,73107.0,48.0,1.0,0.0,0.0,2
86.0,98344.0,25.0,6.0,0.0,0.0,1
21.0,163509.0,21.0,1.0,1.0,5.0,0
15.0,116204.0,16.0,2.0,1.0,2.0,1
87.0,95853.0,53.0,1.0,0.0,5.0,1
40.0,156411.0,70.0,5.0,1.0,0.0,0
2.0,72889.0,36.0,7.0,1.0,6.0,2
63.0,106691.0,79.0,3.0,0.0,5.0,1
26.0,144832.0,42.0,3.0,1.0,0.0,0
29.0,132297.0,53.0,1.0,1.0,3.0,1
7.0,170345.0,3.0,5.0,0.0,4.0,0
28.0,157383.0,13.0,2.0,1.0,7.0,0
99.0,150782.0,18.0,2.0,0.0,4.0,0
69.0,143987.0,87.0,5.0,1.0,5.0,0
13.0,129659.0,59.0,7.0,0.0,3.0,1
73.0,104826.0,36.0,1.0,1.0,5.0,1
4.0,181471.0,59.0,4.0,0.0,5.0,0
42.0,152547.0,56.0,4.0,0.0,0.0,0
43.0,85347.0,9.0,1.0,1.0,1.0,1
79.0,122828.0,32.0,5.0,0.0,4.0,1
18.0,107794.0,17.0,5.0,1.0,2.0,1
39.0,152566.0,11.0,7.0,1.0,3.0,0
41.0,91715.0,99.0,3.0,0.0,3.0,1
60.0,99222.0,48.0,6.0,0.0,0.0,1
39.0,70280.0,99.0,4.0,0.0,2.0,2
90.0,70030.0,86.0,2.0,0.0,5.0,2
83.0,102083.0,24.0,1.0,0.0,0.0,1
92.0,166163.0,87.0,5.0,0.0,2.0,0
6.0,182871.0,27.0,6.0,0.0,2.0,0
50.0,187545.0,61.0,6.0,1.0,4.0,0
90.0,182910.0,86.0,1.0,1.0,3.0,0
13.0,174530.0,30.0,6.0,0.0,7.0,0
27.0,115438.0,37.0,6.0,0.0,0.0,1
93.0,93964.0,80.0,2.0,0.0,0.0,1
61.0,180341.0,75.0,3.0,0.0,5.0,0
91.0,107323.0,1.0,7.0,0.0,2.0,1
79.0,119435.0,55.0,7.0,0.0,3.0,1
80.0,68341.0,22.0,6.0,0.0,0.0,2
16.0,95365.0,60.0,5.0,0.0,0.0,1
4.0,131093.0,79.0,7.0,1.0,7.0,1
34.0,100621.0,3.0,1.0,0.0,5.0,1
10.0,116521.0,47.0,2.0,1.0,1.0,1
3.0,136316.0,88.0,3.0,0.0,4.0,0
96.0,172039.0,51.0,6.0,1.0,7.0,0
48.0,70844.0,22.0,3.0,0.0,3.0,2
25.0,100964.0,96.0,6.0,1.0,8.0,1
98.0,128037.0,39.0,2.0,0.0,3.0,1
84.0,97081.0,75.0,3.0,1.0,8.0,1
88.0,92247.0,47.0,6.0,1.0,8.0,1
86.0,129914.0,92.0,3.0,1.0,0.0,1
0.0,94014.0,53.0,5.0,0.0,2.0,1
56.0,138864.0,93.0,5.0,0.0,0.0,0
6.0,169299.0,46.0,5.0,1.0,8.0,0
2.0,119097.0,40.0,7.0,1.0,5.0,1
73.0,68161.0,23.0,2.0,0.0,1.0,2
38.0,181108.0,32.0,1.0,0.0,6.0,0
37.0,87764.0,59.0,7.0,1.0,2.0,1
41.0,102543.0,54.0,3.0,0.0,0.0,1
94.0,139417.0,13.0,3.0,1.0,0.0,0
57.0,81802.0,29.0,1.0,0.0,6.0,1
96.0,102788.0,51.0,1.0,0.0,0.0,1
59.0,163179.0,19.0,7.0,0.0,5.0,0
87.0,71318.0,22.0,3.0,1.0,5.0,2
55.0,63683.0,34.0,1.0,1.0,5.0,2
16.0,189689.0,37.0,5.0,0.0,5.0,0
82.0,121610.0,36.0,5.0,1.0,0.0,1
83.0,150682.0,25.0,1.0,0.0,0.0,0
96.0,124550.0,46.0,3.0,0.0,8.0,1
55.0,148875.0,99.0,4.0,1.0,0.0,0
6.0,107117.0,44.0,3.0,1.0,0.0,1
33.0,109223.0,43.0,5.0,1.0,2.0,1
0.0,120899.0,7.0,6.0,0.0,8.0,1
27.0,101948.0,31.0,5.0,0.0,0.0,1
72.0,143169.0,58.0,4.0,1.0,2.0,0
13.0,167619.0,4.0,6.0,0.0,5.0,0
19.0,181795.0,59.0,5.0,0.0,5.0,0
48.0,186445.0,41.0,1.0,0.0,2.0,0
58.0,102205.0,24.0,1.0,0.0,0.0,1
21.0,52326.0,69.0,2.0,0.0,5.0,2
91.0,82992.0,5.0,5.0,1.0,3.0,1
44.0,145520.0,55.0,7.0,1.0,6.0,0
80.0,104820.0,96.0,4.0,0.0,0.0,1
28.0,69025.0,79.0,2.0,0.0,3.0,2
74.0,164976.0,89.0,4.0,1.0,3.0,0
79.0,178576.0,51.0,5.0,0.0,4.0,0
42.0,72415.0,52.0,5.0,0.0,8.0,2
80.0,112146.0,24.0,3.0,1.0,3.0,1
8.0,144830.0,43.0,1.0,1.0,0.0,0
24.0,51661.0,79.0,7.0,0.0,3.0,2
71.0,152910.0,90.0,6.0,0.0,0.0,0
1.0,114556.0,64.0,7.0,1.0,3.0,1
0.0,143455.0,62.0,6.0,1.0,5.0,0
30.0,173096.0,92.0,3.0,1.0,5.0,0
52.0,121172.0,97.0,4.0,0.0,5.0,1
34.0,56492.0,15.0,1.0,0.0,6.0,2
64.0,156422.0,39.0,7.0,1.0,3.0,0
17.0,131863.0,94.0,7.0,1.0,0.0,1
71.0,118096.0,36.0,3.0,1.0,7.0,1
87.0,149685.0,30.0,6.0,1.0,4.0,0
68.0,89765.0,28.0,7.0,0.0,0.0,1
14.0,177701.0,49.0,6.0,0.0,3.0,0
24.0,64738.0,67.0,6.0,1.0,0.0,2
10.0,92734.0,28.0,4.0,0.0,7.0,1
53.0,146877.0,47.0,3.0,0.0,5.0,0
39.0,62935.0,60.0,7.0,0.0,0.0,2
16.0,67178.0,17.0,3.0,0.0,3.0,2
64.0,115754.0,35.0,3.0,0.0,2.0,1
41.0,186470.0,21.0,7.0,0.0,0.0,0
16.0,100939.0,34.0,6.0,1.0,5.0,1
94.0,86172.0,55.0,4.0,0.0,0.0,1
40.0,184222.0,17.0,2.0,0.0,5.0,0
81.0,71543.0,1.0,4.0,1.0,3.0,2
18.0,174836.0,63.0,4.0,0.0,5.0,0
8.0,74407.0,100.0,6.0,1.0,1.0,2
64.0,130055.0,46.0,1.0,1.0,5.0,1
45.0,88707.0,81.0,5.0,1.0,5.0,1
99.0,162762.0,52.0,1.0,1.0,5.0,0
59.0,154821.0,77.0,2.0,1.0,1.0,0
53.0,57248.0,66.0,5.0,1.0,7.0,2
66.0,99902.0,54.0,2.0,0.0,2.0,1
1.0,165711.0,50.0,2.0,0.0,0.0,0
34.0,93866.0,43.0,2.0,0.0,3.0,1
1.0,141307.0,17.0,3.0,0.0,5.0,0
73.0,172011.0,9.0,5.0,1.0,1.0,0
90.0,68138.0,18.0,7.0,1.0,5.0,2
32.0,123246.0,100.0,6.0,0.0,6.0,1
47.0,124194.0,32.0,7.0,0.0,1.0,1
15.0,188696.0,87.0,3.0,1.0,6.0,0
78.0,91213.0,84.0,5.0,0.0,7.0,1
83.0,166650.0,99.0,3.0,0.0,5.0,0
2.0,52727.0,60.0,3.0,1.0,0.0,2
75.0,126469.0,86.0,2.0,1.0,3.0,1
45.0,138775.0,17.0,7.0,1.0,4.0,0
49.0,68901.0,70.0,7.0,0.0,1.0,2
41.0,118621.0,7.0,7.0,0.0,6.0,1
34.0,109263.0,77.0,1.0,1.0,3.0,1
82.0,150012.0,83.0,6.0,1.0,5.0,0
37.0,133850.0,85.0,3.0,1.0,8.0,0
25.0,81640.0,95.0,6.0,0.0,3.0,1
52.0,133214.0,1.0,7.0,0.0,8.0,1
23.0,186723.0,42.0,5.0,0.0,3.0,0
96.0,92100.0,23.0,3.0,0.0,0.0,1
5.0,64484.0,10.0,5.0,1.0,6.0,2
47.0,69024.0,3.0,5.0,0.0,5.0,2
81.0,171194.0,55.0,5.0,1.0,0.0,0
4.0,183282.0,34.0,1.0,0.0,0.0,0
8.0,100099.0,74.0,3.0,0.0,5.0,1
35.0,164435.0,26.0,3.0,0.0,7.0,0
67.0,172407.0,60.0,3.0,1.0,1.0,0
9.0,84781.0,14.0,3.0,0.0,4.0,1
82.0,186130.0,61.0,7.0,1.0,7.0,0
2.0,56782.0,10.0,5.0,0.0,0.0,2
95.0,137206.0,4.0,4.0,1.0,0.0,0
9.0,146950.0,92.0,5.0,0.0,1.0,0
99.0,174275.0,4.0,2.0,0.0,5.0,0
96.0,97705.0,41.0,2.0,1.0,6.0,1
92.0,188984.0,69.0,4.0,1.0,7.0,0
24.0,119238.0,55.0,3.0,1.0,0.0,1
58.0,87923.0,19.0,5.0,1.0,3.0,1
15.0,128573.0,97.0,1.0,1.0,4.0,1
13.0,132374.0,96.0,3.0,0.0,8.0,1
51.0,135164.0,75.0,3.0,0.0,0.0,0
9.0,165194.0,10.0,3.0,1.0,0.0,0
0.0,126060.0,92.0,3.0,1.0,1.0,1
67.0,89366.0,55.0,3.0,1.0,5.0,1
58.0,95172.0,77.0,5.0,1.0,5.0,1
55.0,95975.0,49.0,1.0,0.0,4.0,1
52.0,165573.0,59.0,7.0,0.0,5.0,0
83.0,180887.0,59.0,1.0,1.0,3.0,0
83.0,142720.0,86.0,1.0,0.0,4.0,0
90.0,113460.0,54.0,7.0,0.0,7.0,1
87.0,110434.0,20.0,3.0,1.0,0.0,1
67.0,146016.0,38.0,6.0,0.0,0.0,0
81.0,101073.0,67.0,7.0,1.0,4.0,1
36.0,62617.0,10.0,3.0,0.0,0.0,2
51.0,96028.0,37.0,5.0,0.0,0.0,1
31.0,186334.0,37.0,1.0,0.0,0.0,0
57.0,163473.0,52.0,1.0,0.0,0.0,0
83.0,89819.0,59.0,2.0,1.0,0.0,1
51.0,69388.0,33.0,4.0,0.0,2.0,2
15.0,134748.0,76.0,6.0,0.0,8.0,0
18.0,149915.0,94.0,1.0,0.0,1.0,0
88.0,104098.0,48.0,6.0,0.0,5.0,1
70.0,80160.0,10.0,5.0,1.0,0.0,2
9.0,124125.0,91.0,2.0,1.0,0.0,1
6.0,170226.0,31.0,3.0,1.0,7.0,0
8.0,53306.0,98.0,2.0,0.0,2.0,2
55.0,103933.0,31.0,3.0,1.0,4.0,1
69.0,85401.0,10.0,6.0,0.0,3.0,1
18.0,53812.0,32.0,5.0,0.0,6.0,2
13.0,60771.0,50.0,7.0,0.0,3.0,2
69.0,56398.0,75.0,3.0,0.0,3.0,2
69.0,171118.0,91.0,3.0,0.0,2.0,0
69.0,79806.0,73.0,5.0,1.0,5.0,2
89.0,150187.0,35.0,5.0,0.0,5.0,0
45.0,129455.0,14.0,3.0,0.0,7.0,1
75.0,116813.0,72.0,6.0,0.0,3.0,1
54.0,95734.0,39.0,7.0,0.0,6.0,1
33.0,76654.0,48.0,1.0,1.0,0.0,2
67.0,86289.0,96.0,5.0,1.0,0.0,1
26.0,176147.0,19.0,1.0,1.0,5.0,0
5.0,142351.0,97.0,7.0,0.0,3.0,0
65.0,186673.0,51.0,1.0,1.0,1.0,0
94.0,131521.0,62.0,6.0,0.0,0.0,1
95.0,50223.0,15.0,1.0,0.0,3.0,2
48.0,74308.0,23.0,2.0,0.0,3.0,2
41.0,155881.0,22.0,7.0,0.0,7.0,0
92.0,168303.0,16.0,4.0,0.0,4.0,0
44.0,182748.0,58.0,7.0,1.0,2.0,0
35.0,52374.0,73.0,1.0,0.0,0.0,2
34.0,86154.0,17.0,2.0,0.0,1.0,1
52.0,163612.0,51.0,5.0,0.0,4.0,0
64.0,64756.0,17.0,1.0,0.0,8.0,2
62.0,185257.0,58.0,4.0,1.0,0.0,0
58.0,78669.0,75.0,7.0,1.0,0.0,2
15.0,164520.0,47.0,7.0,1.0,0.0,0
65.0,92135.0,49.0,4.0,0.0,6.0,1
20.0,103195.0,68.0,7.0,1.0,1.0,1
21.0,161663.0,36.0,7.0,0.0,4.0,0
79.0,57039.0,34.0,6.0,0.0,0.0,2
91.0,54754.0,4.0,2.0,0.0,0.0,2
92.0,136531.0,76.0,4.0,0.0,2.0,0
62.0,120838.0,79.0,4.0,1.0,0.0,1
94.0,127927.0,48.0,4.0,1.0,1.0,1
10.0,164214.0,77.0,4.0,1.0,7.0,0
53.0,145498.0,66.0,4.0,0.0,0.0,0
7.0,129215.0,69.0,6.0,1.0,3.0,1
92.0,152429.0,76.0,2.0,0.0,3.0,0
12.0,89252.0,31.0,5.0,0.0,3.0,1
31.0,147447.0,23.0,7.0,0.0,1.0,0
93.0,74467.0,33.0,1.0,0.0,7.0,2
66.0,127410.0,37.0,2.0,0.0,2.0,1
49.0,91290.0,44.0,7.0,1.0,5.0,1
64.0,92812.0,97.0,7.0,0.0,0.0,1
27.0,170166.0,18.0,4.0,0.0,0.0,0
33.0,150823.0,75.0,1.0,0.0,0.0,0
79.0,95839.0,30.0,2.0,1.0,4.0,1
14.0,60175.0,60.0,7.0,0.0,4.0,2
22.0,153024.0,91.0,7.0,0.0,0.0,0
8.0,116858.0,67.0,7.0,0.0,0.0,1
6.0,122961.0,47.0,2.0,0.0,1.0,1
81.0,141471.0,45.0,6.0,1.0,0.0,0
69.0,76155.0,14.0,7.0,1.0,5.0,2
0.0,108169.0,24.0,3.0,1.0,4.0,1
61.0,139520.0,39.0,4.0,0.0,0.0,0
62.0,182631.0,52.0,3.0,1.0,0.0,0
95.0,177134.0,78.0,2.0,0.0,5.0,0
32.0,181703.0,54.0,2.0,0.0,7.0,0
13.0,61917.0,16.0,2.0,0.0,0.0,2
1.0,140648.0,36.0,7.0,0.0,4.0,0
63.0,176783.0,40.0,4.0,0.0,1.0,0
75.0,59741.0,67.0,5.0,1.0,0.0,2
43.0,156567.0,89.0,6.0,0.0,2.0,0
29.0,110309.0,21.0,2.0,0.0,0.0,1
82.0,111077.0,55.0,7.0,0.0,0.0,1
87.0,170333.0,96.0,2.0,0.0,3.0,0
66.0,183339.0,39.0,4.0,1.0,0.0,0
99.0,84167.0,46.0,7.0,0.0,0.0,1
54.0,184815.0,50.0,3.0,0.0,7.0,0
49.0,122556.0,74.0,7.0,0.0,0.0,1
60.0,174768.0,66.0,2.0,0.0,3.0,0
75.0,172309.0,82.0,1.0,1.0,4.0,0
77.0,117920.0,4.0,4.0,1.0,1.0,1
34.0,134882.0,61.0,3.0,1.0,0.0,0
63.0,77259.0,11.0,6.0,0.0,7.0,2
38.0,170019.0,38.0,2.0,1.0,0.0,0
68.0,176884.0,94.0,2.0,0.0,2.0,0
80.0,106709.0,93.0,2.0,0.0,8.0,1
8.0,168723.0,31.0,2.0,0.0,6.0,0
86.0,90228.0,68.0,5.0,0.0,2.0,1
1.0,89473.0,85.0,4.0,0.0,7.0,1
56.0,131911.0,42.0,7.0,1.0,5.0,1
14.0,140107.0,63.0,6.0,0.0,8.0,0
4.0,170403.0,44.0,5.0,0.0,0.0,0
6.0,52648.0,2.0,2.0,0.0,0.0,2
17.0,125471.0,48.0,1.0,1.0,2.0,1
55.0,106153.0,62.0,1.0,0.0,0.0,1
14.0,124785.0,28.0,2.0,1.0,7.0,1
22.0,101474.0,14.0,2.0,0.0,6.0,1
8.0,141359.0,65.0,5.0,0.0,5.0,0
70.0,57596.0,96.0,1.0,0.0,0.0,2
67.0,78489.0,81.0,5.0,0.0,0.0,2
50.0,112957.0,71.0,3.0,1.0,4.0,1
72.0,82377.0,37.0,2.0,1.0,2.0,1
76.0,82315.0,53.0,1.0,1.0,2.0,1
80.0,93253.0,51.0,5.0,1.0,0.0,1
20.0,189650.0,60.0,4.0,1.0,7.0,0
89.0,114858.0,53.0,1.0,0.0,0.0,1
18.0,62151.0,18.0,2.0,0.0,0.0,2
75.0,135159.0,12.0,6.0,0.0,2.0,0
5.0,126263.0,55.0,3.0,0.0,8.0,1
79.0,123064.0,41.0,4.0,0.0,0.0,1
31.0,181773.0,40.0,1.0,0.0,5.0,0
92.0,171794.0,65.0,5.0,1.0,0.0,0
15.0,156339.0,27.0,2.0,0.0,6.0,0
94.0,65483.0,84.0,7.0,1.0,8.0,2
35.0,145654.0,22.0,3.0,0.0,4.0,0
68.0,91609.0,43.0,1.0,0.0,3.0,1
29.0,53002.0,73.0,5.0,0.0,7.0,2
87.0,115699.0,61.0,1.0,1.0,5.0,1
33.0,149609.0,44.0,2.0,1.0,4.0,0
29.0,165254.0,7.0,7.0,0.0,4.0,0
43.0,50418.0,49.0,1.0,1.0,5.0,2
43.0,103531.0,90.0,5.0,1.0,0.0,1
66.0,184060.0,98.0,5.0,0.0,0.0,0
23.0,75961.0,70.0,7.0,1.0,4.0,2
87.0,174163.0,28.0,2.0,1.0,0.0,0
81.0,105255.0,54.0,3.0,0.0,4.0,1
42.0,51860.0,4.0,5.0,1.0,7.0,2
32.0,185218.0,83.0,6.0,0.0,5.0,0
7.0,189709.0,18.0,6.0,1.0,0.0,0
91.0,134665.0,66.0,2.0,0.0,0.0,0
95.0,91352.0,9.0,3.0,1.0,1.0,1
10.0,154623.0,21.0,6.0,0.0,0.0,0
20.0,113767.0,88.0,2.0,0.0,0.0,1
5.0,160469.0,61.0,1.0,1.0,7.0,0
84.0,99418.0,27.0,2.0,0.0,0.0,1
54.0,56215.0,34.0,4.0,1.0,5.0,2
12.0,55639.0,63.0,1.0,1.0,5.0,2
90.0,62504.0,99.0,4.0,0.0,0.0,2
19.0,151382.0,38.0,1.0,0.0,7.0,0
91.0,156574.0,96.0,7.0,0.0,8.0,0
90.0,60998.0,35.0,7.0,0.0,3.0,2
60.0,108509.0,36.0,2.0,0.0,1.0,1
68.0,85540.0,49.0,1.0,0.0,6.0,1
43.0,73915.0,47.0,2.0,0.0,0.0,2
52.0,148901.0,77.0,4.0,1.0,5.0,0
81.0,152602.0,91.0,1.0,1.0,3.0,0
54.0,58999.0,22.0,3.0,0.0,3.0,2
43.0,133740.0,37.0,4.0,0.0,0.0,0
20.0,113217.0,41.0,1.0,0.0,7.0,1
71.0,60209.0,46.0,3.0,0.0,0.0,2
26.0,145491.0,72.0,5.0,0.0,3.0,0
75.0,61393.0,65.0,5.0,0.0,1.0,2
52.0,133252.0,55.0,1.0,0.0,0.0,1
40.0,187234.0,14.0,5.0,0.0,1.0,0
5.0,145563.0,60.0,6.0,1.0,3.0,0
46.0,165810.0,38.0,5.0,0.0,5.0,0
98.0,125181.0,30.0,7.0,1.0,0.0,1
84.0,56809.0,96.0,2.0,0.0,5.0,2
35.0,69419.0,68.0,1.0,1.0,5.0,2
78.0,70689.0,54.0,4.0,0.0,0.0,2
64.0,55011.0,53.0,7.0,1.0,0.0,2
98.0,87955.0,79.0,2.0,0.0,2.0,1
66.0,153660.0,24.0,5.0,1.0,5.0,0
32.0,104494.0,28.0,4.0,1.0,5.0,1
22.0,184443.0,44.0,7.0,1.0,4.0,0
17.0,150778.0,35.0,7.0,0.0,3.0,0
22.0,88729.0,81.0,1.0,0.0,2.0,1
9.0,151902.0,18.0,2.0,1.0,0.0,0
24.0,51604.0,4.0,2.0,1.0,0.0,2
8.0,157316.0,75.0,3.0,0.0,0.0,0
52.0,125508.0,15.0,6.0,0.0,0.0,1
62.0,186157.0,54.0,1.0,1.0,5.0,0
37.0,169381.0,45.0,4.0,0.0,3.0,0
68.0,110195.0,47.0,2.0,1.0,6.0,1
63.0,81199.0,80.0,2.0,0.0,3.0,1
15.0,58459.0,67.0,6.0,0.0,4.0,2
44.0,173682.0,89.0,6.0,0.0,0.0,0
18.0,162983.0,16.0,6.0,1.0,3.0,0
30.0,94480.0,1.0,4.0,1.0,4.0,1
69.0,168710.0,80.0,4.0,0.0,1.0,0
16.0,150193.0,83.0,2.0,1.0,2.0,0
71.0,91823.0,74.0,4.0,0.0,0.0,1
24.0,173091.0,24.0,2.0,0.0,3.0,0
57.0,102692.0,94.0,2.0,1.0,5.0,1
97.0,156812.0,77.0,6.0,1.0,5.0,0
68.0,51468.0,48.0,3.0,1.0,0.0,2
11.0,114071.0,37.0,2.0,0.0,5.0,1
68.0,129971.0,61.0,3.0,1.0,0.0,1
69.0,104160.0,77.0,4.0,0.0,2.0,1
77.0,124995.0,66.0,1.0,0.0,5.0,1
73.0,180437.0,50.0,5.0,0.0,3.0,0
19.0,134644.0,96.0,2.0,0.0,4.0,0
1.0,130089.0,67.0,5.0,0.0,0.0,1
71.0,149318.0,27.0,1.0,1.0,0.0,0
6.0,125591.0,79.0,6.0,1.0,5.0,1
68.0,173047.0,17.0,3.0,0.0,5.0,0
39.0,61298.0,91.0,5.0,0.0,0.0,2
75.0,132993.0,55.0,2.0,1.0,3.0,1
65.0,72313.0,36.0,5.0,0.0,7.0,2
30.0,84885.0,9.0,5.0,0.0,3.0,1
46.0,126228.0,95.0,2.0,1.0,8.0,1
40.0,51199.0,29.0,7.0,1.0,4.0,2
40.0,54631.0,70.0,6.0,0.0,0.0,2
20.0,131810.0,16.0,7.0,0.0,5.0,1
88.0,138482.0,59.0,4.0,1.0,8.0,0
85.0,74081.0,87.0,3.0,1.0,5.0,2
94.0,112426.0,54.0,6.0,1.0,2.0,1
68.0,53552.0,97.0,6.0,0.0,8.0,2
15.0,142147.0,78.0,4.0,1.0,0.0,0
4.0,180324.0,41.0,2.0,1.0,0.0,0
59.0,149067.0,78.0,7.0,1.0,1.0,0
32.0,184408.0,38.0,7.0,1.0,3.0,0
8.0,59116.0,45.0,6.0,0.0,0.0,2
92.0,174786.0,94.0,3.0,0.0,4.0,0
9.0,71076.0,2.0,1.0,1.0,0.0,2
41.0,56837.0,4.0,4.0,0.0,5.0,2
18.0,134752.0,47.0,5.0,0.0,2.0,0
78.0,112887.0,80.0,6.0,0.0,3.0,1
0.0,73128.0,74.0,5.0,0.0,0.0,2
11.0,152765.0,17.0,1.0,0.0,5.0,0
36.0,140637.0,19.0,7.0,0.0,4.0,0
46.0,137973.0,50.0,7.0,1.0,5.0,0
95.0,126791.0,34.0,4.0,0.0,0.0,1
97.0,75125.0,89.0,3.0,0.0,4.0,2
2.0,101718.0,11.0,3.0,1.0,4.0,1
94.0,69654.0,30.0,4.0,0.0,6.0,2
0.0,105935.0,46.0,5.0,0.0,1.0,1
3.0,74607.0,69.0,1.0,1.0,5.0,2
77.0,151985.0,29.0,7.0,1.0,5.0,0
70.0,76892.0,64.0,2.0,1.0,4.0,2
58.0,87602.0,25.0,3.0,1.0,4.0,1
72.0,182317.0,46.0,6.0,1.0,5.0,0
90.0,158280.0,92.0,7.0,1.0,4.0,0
87.0,128153.0,42.0,6.0,0.0,0.0,1
64.0,142612.0,58.0,6.0,1.0,1.0,0
15.0,180163.0,9.0,7.0,0.0,1.0,0
14.0,68009.0,17.0,3.0,0.0,0.0,2
54.0,166183.0,65.0,6.0,1.0,0.0,0
76.0,132537.0,44.0,3.0,1.0,1.0,1
76.0,146308.0,49.0,1.0,0.0,0.0,0
52.0,63454.0,38.0,5.0,0.0,0.0,2
96.0,110519.0,6.0,4.0,1.0,0.0,1
55.0,66728.0,50.0,5.0,0.0,5.0,2
54.0,170638.0,64.0,5.0,0.0,0.0,0
19.0,129635.0,100.0,4.0,1.0,0.0,1
29.0,133587.0,74.0,3.0,1.0,8.0,0
96.0,126225.0,47.0,4.0,1.0,2.0,1
20.0,148776.0,21.0,5.0,0.0,0.0,0
91.0,142602.0,64.0,6.0,0.0,7.0,0
37.0,102413.0,38.0,5.0,1.0,5.0,1
42.0,68765.0,69.0,1.0,1.0,3.0,2
1.0,57522.0,75.0,5.0,1.0,0.0,2
58.0,149237.0,80.0,6.0,0.0,3.0,0
42.0,184844.0,24.0,1.0,0.0,3.0,0
48.0,131656.0,45.0,6.0,0.0,7.0,1
11.0,181026.0,39.0,2.0,0.0,8.0,0
59.0,101698.0,87.0,3.0,1.0,0.0,1
45.0,152560.0,32.0,2.0,0.0,3.0,0
73.0,142502.0,97.0,1.0,1.0,1.0,0
85.0,155432.0,21.0,6.0,0.0,2.0,0
70.0,108544.0,49.0,5.0,0.0,3.0,1
52.0,106530.0,46.0,2.0,0.0,2.0,1
70.0,124359.0,51.0,7.0,1.0,6.0,1
88.0,146970.0,90.0,6.0,0.0,0.0,0
61.0,182176.0,96.0,5.0,1.0,0.0,0
46.0,114435.0,34.0,3.0,0.0,0.0,1
65.0,134213.0,32.0,4.0,1.0,6.0,0
84.0,115580.0,73.0,5.0,0.0,3.0,1
76.0,124034.0,88.0,2.0,0.0,4.0,1
31.0,67894.0,42.0,1.0,1.0,1.0,2
55.0,107099.0,89.0,6.0,1.0,4.0,1
45.0,140263.0,88.0,5.0,1.0,3.0,0
98.0,104249.0,12.0,2.0,1.0,2.0,1
40.0,168821.0,36.0,5.0,1.0,4.0,0
14.0,153145.0,59.0,6.0,0.0,5.0,0
41.0,128960.0,43.0,4.0,0.0,4.0,1
60.0,127438.0,82.0,2.0,1.0,2.0,1
60.0,125968.0,100.0,2.0,1.0,7.0,1
84.0,104589.0,85.0,2.0,1.0,0.0,1
0.0,165321.0,93.0,1.0,1.0,1.0,0
10.0,86925.0,76.0,2.0,0.0,0.0,1
62.0,149797.0,19.0,6.0,0.0,0.0,0
33.0,137094.0,68.0,1.0,1.0,7.0,0
52.0,55395.0,41.0,1.0,0.0,8.0,2
2.0,153622.0,51.0,6.0,0.0,7.0,0
27.0,74050.0,44.0,1.0,1.0,3.0,2
4.0,68094.0,61.0,7.0,0.0,1.0,2
63.0,59244.0,80.0,1.0,1.0,0.0,2
54.0,118944.0,77.0,4.0,0.0,0.0,1
47.0,75293.0,55.0,7.0,0.0,1.0,2
30.0,166983.0,69.0,3.0,0.0,0.0,0
97.0,129444.0,96.0,6.0,0.0,3.0,1
94.0,181183.0,24.0,3.0,1.0,8.0,0
64.0,175254.0,100.0,5.0,0.0,0.0,0
19.0,54121.0,89.0,3.0,0.0,2.0,2
71.0,184387.0,40.0,7.0,0.0,0.0,0
91.0,73158.0,32.0,7.0,0.0,1.0,2
87.0,90961.0,14.0,2.0,1.0,5.0,1
77.0,182109.0,4.0,2.0,1.0,4.0,0
90.0,110610.0,52.0,2.0,1.0,3.0,1
